-- phpMyAdmin SQL Dump
-- version 4.9.0.1
-- https://www.phpmyadmin.net/
--
-- Host: 127.0.0.1
-- Generation Time: Jul 17, 2019 at 07:38 PM
-- Server version: 10.3.16-MariaDB
-- PHP Version: 7.3.7

SET SQL_MODE = "NO_AUTO_VALUE_ON_ZERO";
SET AUTOCOMMIT = 0;
START TRANSACTION;
SET time_zone = "+00:00";


/*!40101 SET @OLD_CHARACTER_SET_CLIENT=@@CHARACTER_SET_CLIENT */;
/*!40101 SET @OLD_CHARACTER_SET_RESULTS=@@CHARACTER_SET_RESULTS */;
/*!40101 SET @OLD_COLLATION_CONNECTION=@@COLLATION_CONNECTION */;
/*!40101 SET NAMES utf8mb4 */;

--
-- Database: `hoteldatabase`
--

-- --------------------------------------------------------

--
-- Table structure for table `fasilitas_hotel`
--

CREATE TABLE `fasilitas_hotel` (
  `idHotel` int(6) UNSIGNED NOT NULL,
  `spa` tinyint(1) NOT NULL,
  `sauna` tinyint(1) NOT NULL,
  `jacuzzi` tinyint(1) NOT NULL,
  `fitness` tinyint(1) NOT NULL,
  `gymnasium` tinyint(1) NOT NULL,
  `field` tinyint(1) NOT NULL,
  `tennis` tinyint(1) NOT NULL,
  `indoorPool` tinyint(1) NOT NULL,
  `outdoorPool` tinyint(1) NOT NULL,
  `tableTennis` tinyint(1) NOT NULL,
  `kidsClub` tinyint(1) NOT NULL,
  `billiard` tinyint(1) NOT NULL,
  `gameCorner` tinyint(1) NOT NULL,
  `karaoke` tinyint(1) NOT NULL,
  `banquetHall` tinyint(1) NOT NULL,
  `BBQ` tinyint(1) NOT NULL,
  `dryRoom` tinyint(1) NOT NULL,
  `restaurant` tinyint(1) NOT NULL,
  `coffeeShop` tinyint(1) NOT NULL,
  `convenienceStore` tinyint(1) NOT NULL,
  `bar` tinyint(1) NOT NULL,
  `lounge` tinyint(1) NOT NULL,
  `businessCenter` tinyint(1) NOT NULL,
  `conferenceRoom` tinyint(1) NOT NULL,
  `nonSmokingRooms` tinyint(1) NOT NULL,
  `iceMakingMachine` tinyint(1) NOT NULL,
  `morningCall` tinyint(1) NOT NULL,
  `layananKamar` tinyint(1) NOT NULL,
  `cleaningService` tinyint(1) NOT NULL,
  `massage` tinyint(1) NOT NULL,
  `rentalCycle` tinyint(1) NOT NULL,
  `voltageConverter` tinyint(1) NOT NULL,
  `parkingArea` tinyint(1) NOT NULL
) ENGINE=InnoDB DEFAULT CHARSET=latin1;

--
-- Dumping data for table `fasilitas_hotel`
--

INSERT INTO `fasilitas_hotel` (`idHotel`, `spa`, `sauna`, `jacuzzi`, `fitness`, `gymnasium`, `field`, `tennis`, `indoorPool`, `outdoorPool`, `tableTennis`, `kidsClub`, `billiard`, `gameCorner`, `karaoke`, `banquetHall`, `BBQ`, `dryRoom`, `restaurant`, `coffeeShop`, `convenienceStore`, `bar`, `lounge`, `businessCenter`, `conferenceRoom`, `nonSmokingRooms`, `iceMakingMachine`, `morningCall`, `layananKamar`, `cleaningService`, `massage`, `rentalCycle`, `voltageConverter`, `parkingArea`) VALUES
(1, 0, 0, 0, 1, 0, 0, 0, 0, 1, 0, 0, 0, 0, 0, 1, 0, 0, 0, 0, 1, 0, 0, 0, 1, 1, 0, 1, 0, 1, 0, 0, 0, 1),
(2, 1, 1, 1, 1, 1, 1, 1, 1, 1, 1, 1, 1, 1, 0, 1, 0, 0, 1, 1, 0, 1, 1, 1, 1, 1, 0, 1, 1, 1, 1, 0, 0, 1),
(3, 1, 1, 0, 1, 1, 0, 0, 0, 1, 0, 1, 0, 1, 0, 1, 1, 0, 1, 1, 1, 0, 1, 1, 1, 1, 0, 1, 1, 1, 1, 1, 0, 1),
(4, 0, 0, 0, 0, 0, 0, 0, 0, 0, 0, 0, 0, 0, 0, 1, 0, 0, 1, 0, 0, 0, 0, 0, 1, 1, 0, 1, 1, 1, 0, 0, 0, 1),
(5, 0, 0, 0, 0, 0, 0, 0, 0, 1, 0, 0, 0, 0, 0, 0, 0, 0, 1, 0, 0, 1, 1, 0, 1, 1, 0, 0, 1, 1, 0, 0, 0, 1),
(6, 1, 1, 1, 1, 1, 1, 0, 1, 1, 1, 1, 1, 1, 1, 1, 1, 0, 1, 1, 1, 1, 1, 1, 1, 1, 0, 1, 1, 1, 1, 0, 0, 1),
(7, 0, 1, 1, 1, 1, 1, 1, 0, 1, 1, 1, 1, 1, 0, 1, 0, 0, 1, 1, 0, 0, 1, 1, 0, 1, 0, 1, 1, 1, 0, 0, 0, 1),
(8, 0, 0, 0, 0, 0, 1, 0, 0, 1, 0, 0, 0, 0, 0, 1, 1, 0, 1, 0, 0, 0, 0, 0, 1, 0, 0, 0, 1, 1, 0, 0, 0, 1),
(9, 0, 0, 0, 0, 0, 0, 0, 0, 1, 0, 0, 0, 0, 0, 1, 1, 0, 1, 1, 1, 1, 1, 1, 1, 1, 0, 1, 1, 1, 0, 0, 0, 0),
(10, 0, 0, 0, 0, 0, 0, 0, 0, 0, 0, 0, 1, 0, 0, 0, 1, 0, 1, 1, 0, 0, 0, 0, 1, 0, 0, 1, 1, 1, 0, 0, 0, 1),
(11, 0, 0, 0, 0, 0, 0, 0, 0, 0, 0, 0, 0, 0, 1, 1, 0, 0, 1, 1, 1, 0, 1, 1, 1, 1, 0, 1, 1, 1, 0, 0, 0, 1),
(12, 0, 0, 0, 0, 0, 0, 0, 0, 0, 0, 0, 0, 0, 0, 0, 0, 0, 0, 0, 0, 0, 0, 0, 0, 1, 0, 0, 0, 0, 0, 0, 0, 1),
(13, 1, 0, 0, 0, 0, 0, 0, 0, 1, 0, 0, 0, 1, 0, 1, 0, 0, 1, 1, 0, 0, 0, 0, 1, 1, 0, 1, 1, 1, 1, 0, 0, 0),
(14, 1, 1, 0, 0, 0, 0, 0, 0, 1, 0, 0, 1, 0, 1, 1, 1, 0, 1, 1, 0, 1, 0, 1, 1, 1, 0, 1, 1, 1, 1, 0, 0, 1),
(15, 0, 0, 0, 0, 0, 0, 0, 0, 1, 0, 0, 0, 0, 0, 0, 0, 0, 1, 0, 0, 0, 0, 0, 1, 0, 0, 1, 1, 1, 0, 0, 0, 1),
(16, 0, 0, 1, 0, 0, 0, 0, 0, 1, 0, 1, 0, 0, 0, 1, 1, 0, 1, 1, 1, 0, 1, 0, 1, 1, 0, 1, 1, 1, 0, 0, 1, 1),
(17, 1, 0, 0, 1, 1, 1, 1, 0, 1, 1, 0, 1, 1, 0, 1, 1, 0, 1, 0, 0, 0, 1, 1, 0, 1, 0, 1, 1, 1, 1, 1, 0, 1),
(18, 1, 0, 0, 0, 0, 0, 1, 1, 0, 0, 0, 0, 0, 0, 0, 0, 0, 0, 1, 0, 0, 1, 0, 0, 0, 0, 1, 1, 1, 0, 0, 0, 1),
(19, 1, 1, 0, 1, 1, 0, 0, 0, 1, 0, 0, 0, 0, 0, 1, 0, 0, 1, 0, 0, 0, 1, 0, 1, 0, 0, 1, 1, 1, 1, 0, 0, 1),
(20, 0, 0, 1, 0, 0, 0, 0, 0, 1, 0, 0, 1, 0, 0, 1, 0, 0, 0, 1, 0, 0, 0, 0, 0, 0, 0, 1, 1, 1, 0, 0, 0, 0),
(21, 0, 0, 0, 0, 0, 0, 0, 0, 0, 0, 0, 0, 0, 0, 0, 0, 0, 1, 1, 0, 1, 1, 0, 1, 1, 0, 1, 1, 1, 1, 1, 0, 1),
(22, 0, 0, 0, 0, 0, 0, 0, 0, 1, 0, 0, 0, 0, 1, 1, 0, 0, 1, 1, 0, 0, 0, 1, 1, 0, 0, 1, 1, 1, 0, 0, 0, 1),
(23, 1, 0, 0, 0, 0, 0, 0, 0, 1, 0, 0, 0, 0, 0, 1, 1, 0, 1, 1, 1, 0, 0, 1, 1, 1, 0, 1, 1, 1, 1, 0, 0, 1),
(24, 0, 0, 0, 0, 0, 0, 0, 0, 0, 0, 0, 0, 0, 0, 0, 1, 0, 1, 1, 1, 0, 0, 1, 1, 1, 0, 1, 1, 1, 0, 0, 0, 1),
(25, 0, 0, 0, 0, 0, 0, 0, 0, 0, 0, 0, 0, 0, 0, 0, 0, 0, 0, 0, 0, 0, 0, 0, 0, 0, 0, 0, 1, 0, 0, 0, 0, 0),
(26, 0, 0, 0, 0, 0, 0, 0, 0, 0, 1, 1, 1, 1, 0, 0, 0, 0, 1, 1, 0, 0, 1, 1, 0, 1, 0, 1, 1, 1, 0, 0, 0, 1),
(27, 0, 0, 0, 0, 0, 0, 0, 0, 0, 0, 0, 0, 0, 0, 0, 0, 0, 0, 0, 0, 0, 0, 0, 0, 0, 0, 0, 1, 1, 1, 0, 0, 1),
(28, 0, 0, 0, 0, 0, 1, 0, 0, 1, 0, 0, 1, 0, 0, 1, 1, 0, 1, 1, 0, 0, 1, 0, 1, 1, 0, 1, 1, 1, 0, 1, 0, 1),
(29, 0, 0, 0, 0, 0, 0, 0, 0, 1, 0, 0, 0, 0, 0, 0, 0, 0, 1, 0, 0, 0, 0, 0, 0, 1, 0, 0, 1, 1, 0, 0, 0, 1),
(30, 0, 0, 0, 0, 0, 0, 0, 0, 0, 0, 0, 0, 0, 0, 0, 0, 0, 1, 0, 0, 0, 0, 0, 0, 1, 0, 1, 1, 1, 0, 0, 0, 1),
(31, 0, 0, 0, 0, 0, 0, 0, 0, 0, 0, 0, 1, 0, 1, 1, 1, 0, 1, 1, 0, 1, 1, 0, 0, 1, 0, 1, 1, 1, 1, 1, 0, 1),
(32, 0, 0, 0, 0, 0, 0, 0, 0, 0, 0, 0, 0, 0, 0, 0, 0, 0, 0, 0, 0, 0, 0, 0, 0, 1, 0, 1, 0, 1, 0, 0, 0, 0),
(33, 0, 0, 0, 0, 0, 0, 0, 0, 0, 0, 0, 0, 0, 0, 0, 0, 0, 0, 0, 0, 0, 0, 0, 1, 1, 0, 1, 0, 1, 0, 0, 0, 1),
(34, 0, 0, 0, 0, 0, 0, 0, 0, 1, 0, 0, 0, 0, 0, 1, 0, 1, 1, 1, 1, 0, 0, 0, 1, 1, 0, 0, 1, 1, 0, 1, 1, 1),
(35, 0, 0, 0, 0, 0, 0, 0, 0, 0, 0, 0, 0, 0, 0, 0, 0, 0, 0, 0, 0, 0, 0, 0, 0, 1, 0, 1, 1, 1, 0, 0, 0, 0),
(36, 0, 0, 0, 0, 0, 0, 0, 0, 0, 0, 0, 0, 0, 0, 0, 0, 0, 0, 0, 0, 0, 0, 0, 0, 1, 0, 0, 0, 0, 0, 0, 0, 1),
(37, 1, 0, 0, 0, 0, 0, 0, 0, 1, 0, 0, 0, 0, 0, 1, 0, 0, 0, 1, 1, 0, 1, 1, 1, 0, 0, 1, 1, 1, 1, 0, 0, 1),
(38, 0, 0, 0, 0, 0, 0, 0, 0, 0, 0, 0, 0, 0, 0, 0, 0, 0, 0, 0, 0, 0, 0, 0, 0, 0, 0, 0, 0, 0, 0, 0, 0, 0),
(39, 0, 0, 1, 0, 0, 0, 0, 0, 1, 0, 0, 0, 0, 0, 0, 1, 0, 0, 0, 0, 0, 0, 0, 0, 0, 0, 1, 1, 0, 0, 0, 0, 0),
(40, 0, 0, 0, 0, 0, 0, 0, 0, 0, 0, 0, 0, 0, 0, 0, 0, 0, 0, 0, 0, 0, 0, 0, 0, 1, 0, 0, 0, 0, 0, 0, 0, 1),
(41, 0, 0, 0, 0, 0, 0, 0, 0, 0, 0, 0, 0, 0, 0, 0, 0, 0, 1, 1, 0, 0, 1, 1, 0, 1, 0, 1, 1, 1, 0, 0, 0, 0),
(42, 0, 0, 0, 0, 0, 0, 0, 0, 0, 0, 0, 0, 0, 0, 0, 0, 0, 0, 0, 0, 0, 0, 0, 0, 0, 0, 0, 0, 0, 0, 0, 0, 0),
(43, 0, 0, 0, 0, 0, 0, 0, 0, 0, 0, 0, 0, 0, 0, 1, 0, 0, 1, 0, 0, 0, 0, 1, 0, 1, 0, 1, 0, 1, 0, 0, 0, 0),
(44, 0, 0, 0, 0, 0, 0, 0, 0, 1, 0, 1, 1, 0, 0, 1, 1, 0, 1, 0, 0, 0, 1, 1, 1, 1, 0, 1, 1, 1, 0, 0, 0, 1),
(45, 0, 0, 0, 0, 0, 0, 0, 0, 0, 0, 0, 0, 0, 0, 0, 0, 0, 0, 0, 0, 0, 0, 0, 0, 1, 0, 0, 0, 0, 0, 0, 0, 1),
(46, 0, 0, 0, 0, 0, 0, 0, 0, 1, 0, 0, 1, 0, 1, 0, 0, 0, 0, 0, 0, 0, 0, 0, 0, 1, 0, 1, 1, 1, 0, 0, 0, 1),
(47, 0, 0, 0, 0, 0, 0, 0, 0, 1, 0, 0, 0, 0, 0, 0, 0, 0, 0, 0, 0, 0, 0, 0, 0, 0, 0, 1, 1, 1, 0, 0, 0, 0),
(48, 1, 0, 0, 0, 0, 0, 0, 0, 0, 0, 0, 0, 0, 0, 0, 0, 0, 1, 0, 0, 1, 0, 0, 0, 0, 0, 1, 1, 1, 0, 0, 0, 1),
(49, 0, 0, 0, 0, 0, 0, 0, 0, 0, 0, 0, 0, 0, 0, 0, 0, 0, 1, 0, 0, 1, 0, 0, 0, 0, 0, 0, 1, 1, 0, 0, 0, 0),
(50, 0, 0, 0, 0, 0, 0, 0, 0, 0, 0, 0, 0, 0, 0, 0, 0, 0, 0, 0, 0, 0, 0, 0, 0, 1, 0, 0, 1, 1, 0, 0, 0, 1),
(51, 1, 0, 0, 1, 0, 0, 0, 0, 1, 0, 0, 0, 0, 0, 1, 0, 0, 1, 0, 0, 0, 0, 0, 0, 1, 0, 1, 0, 1, 0, 1, 0, 0),
(52, 0, 0, 0, 0, 0, 0, 0, 0, 0, 0, 0, 0, 0, 0, 1, 0, 0, 1, 1, 0, 1, 0, 1, 0, 1, 0, 1, 1, 1, 0, 0, 0, 1),
(53, 0, 0, 0, 0, 0, 0, 0, 0, 1, 0, 0, 0, 0, 0, 0, 1, 0, 1, 0, 0, 0, 0, 0, 0, 1, 0, 0, 0, 1, 0, 0, 0, 1),
(54, 0, 0, 0, 0, 0, 0, 0, 0, 0, 0, 0, 0, 0, 0, 0, 0, 0, 0, 0, 0, 0, 0, 0, 0, 1, 0, 0, 1, 0, 0, 0, 0, 1),
(55, 0, 0, 0, 0, 0, 0, 0, 0, 0, 0, 0, 0, 0, 0, 0, 0, 0, 0, 0, 0, 0, 0, 0, 0, 0, 0, 1, 0, 1, 0, 0, 0, 0),
(56, 0, 0, 0, 0, 0, 0, 0, 0, 0, 0, 0, 0, 0, 0, 0, 0, 0, 0, 0, 0, 0, 0, 0, 0, 0, 0, 0, 0, 1, 0, 0, 0, 1),
(57, 0, 0, 0, 0, 0, 0, 0, 0, 0, 0, 0, 0, 0, 0, 0, 0, 0, 0, 0, 0, 0, 0, 0, 0, 0, 0, 1, 1, 1, 0, 0, 0, 1),
(58, 0, 0, 0, 0, 0, 0, 0, 0, 0, 0, 0, 0, 0, 0, 0, 0, 0, 0, 0, 0, 0, 0, 0, 0, 1, 0, 0, 0, 0, 0, 0, 0, 1),
(59, 0, 0, 0, 0, 0, 0, 0, 0, 0, 0, 0, 0, 0, 0, 0, 0, 0, 0, 0, 0, 0, 0, 0, 0, 1, 0, 0, 0, 1, 0, 0, 0, 1),
(60, 0, 0, 0, 0, 0, 0, 0, 0, 0, 0, 0, 0, 0, 0, 0, 0, 0, 0, 0, 0, 0, 0, 0, 0, 1, 0, 0, 0, 0, 0, 0, 0, 1),
(61, 0, 0, 0, 0, 0, 0, 0, 0, 0, 0, 0, 0, 0, 0, 0, 0, 0, 0, 0, 0, 0, 1, 0, 0, 1, 0, 0, 0, 0, 0, 0, 0, 1),
(62, 0, 0, 0, 0, 0, 0, 0, 0, 1, 0, 0, 0, 0, 0, 0, 0, 0, 0, 0, 0, 0, 0, 0, 1, 1, 0, 0, 0, 0, 0, 0, 0, 1),
(63, 0, 0, 0, 0, 0, 0, 0, 0, 0, 0, 0, 0, 0, 0, 0, 0, 0, 0, 0, 0, 0, 0, 0, 0, 0, 0, 1, 1, 1, 0, 0, 0, 1),
(64, 0, 0, 0, 0, 0, 0, 0, 0, 0, 0, 0, 0, 0, 0, 0, 0, 0, 0, 0, 0, 0, 0, 0, 0, 1, 0, 0, 0, 0, 0, 0, 0, 1),
(65, 0, 0, 0, 0, 0, 0, 0, 0, 1, 0, 0, 0, 0, 0, 0, 0, 0, 0, 0, 0, 0, 0, 0, 0, 0, 0, 0, 1, 1, 0, 0, 0, 1),
(66, 0, 0, 0, 0, 0, 0, 0, 0, 0, 0, 0, 0, 0, 0, 0, 0, 0, 0, 0, 0, 0, 0, 0, 0, 1, 0, 0, 0, 0, 0, 0, 0, 0),
(67, 0, 0, 0, 0, 0, 0, 0, 0, 0, 0, 0, 0, 0, 0, 0, 0, 0, 1, 1, 0, 1, 1, 0, 0, 1, 0, 1, 0, 1, 0, 1, 0, 1),
(68, 0, 0, 0, 0, 0, 0, 0, 0, 0, 0, 0, 0, 0, 0, 0, 0, 0, 0, 0, 0, 0, 0, 0, 0, 0, 0, 0, 0, 0, 0, 0, 0, 0),
(69, 0, 0, 0, 0, 0, 0, 0, 0, 0, 0, 0, 0, 0, 0, 0, 0, 0, 1, 0, 0, 0, 0, 0, 0, 1, 0, 0, 0, 0, 0, 0, 0, 0),
(70, 0, 0, 0, 0, 0, 0, 0, 0, 0, 0, 0, 0, 0, 0, 0, 0, 0, 1, 1, 0, 0, 0, 0, 1, 1, 0, 1, 1, 1, 0, 0, 0, 1),
(71, 0, 0, 0, 0, 0, 0, 0, 0, 0, 0, 0, 0, 0, 0, 0, 0, 0, 0, 0, 0, 0, 0, 0, 0, 1, 0, 0, 0, 1, 0, 0, 0, 0),
(72, 0, 0, 0, 0, 0, 0, 0, 0, 0, 0, 0, 0, 0, 0, 0, 0, 0, 0, 0, 0, 0, 0, 0, 0, 1, 0, 0, 0, 0, 0, 0, 0, 0),
(73, 1, 0, 0, 1, 0, 0, 0, 0, 1, 0, 0, 0, 0, 0, 1, 0, 0, 1, 1, 0, 0, 1, 1, 1, 1, 0, 1, 1, 1, 1, 0, 0, 1),
(74, 0, 0, 0, 0, 0, 0, 0, 0, 0, 0, 0, 0, 0, 0, 0, 0, 0, 0, 0, 0, 0, 0, 0, 0, 0, 0, 0, 0, 0, 0, 0, 0, 0),
(75, 0, 0, 0, 0, 0, 0, 0, 0, 0, 0, 0, 0, 0, 0, 0, 0, 0, 1, 0, 0, 0, 0, 0, 0, 1, 0, 0, 0, 0, 0, 0, 0, 0),
(76, 0, 0, 0, 0, 0, 0, 0, 0, 0, 0, 0, 0, 0, 0, 0, 0, 0, 0, 0, 0, 0, 0, 0, 0, 1, 0, 0, 0, 1, 0, 0, 0, 1),
(77, 0, 0, 0, 0, 0, 0, 0, 0, 0, 0, 0, 0, 0, 0, 0, 0, 0, 0, 0, 0, 0, 0, 0, 0, 0, 0, 0, 0, 1, 0, 0, 0, 1),
(78, 0, 0, 0, 0, 0, 0, 0, 0, 0, 0, 0, 0, 0, 0, 0, 0, 0, 0, 0, 0, 0, 0, 0, 0, 1, 0, 0, 0, 1, 0, 0, 0, 0),
(79, 0, 0, 0, 0, 0, 0, 0, 0, 0, 0, 0, 0, 0, 0, 0, 0, 0, 0, 1, 0, 0, 0, 0, 0, 0, 0, 0, 1, 1, 0, 0, 0, 1),
(80, 0, 0, 0, 0, 0, 0, 0, 0, 0, 0, 0, 0, 0, 0, 0, 0, 0, 0, 0, 0, 0, 0, 0, 0, 1, 0, 0, 0, 0, 0, 0, 0, 1),
(81, 0, 0, 0, 0, 0, 0, 0, 0, 0, 0, 0, 0, 0, 0, 0, 0, 0, 0, 0, 0, 0, 0, 0, 0, 1, 0, 0, 0, 0, 0, 0, 0, 0),
(82, 0, 0, 0, 0, 0, 0, 0, 0, 0, 0, 0, 0, 0, 0, 0, 0, 0, 0, 0, 0, 0, 0, 0, 0, 0, 0, 0, 0, 0, 0, 0, 0, 0),
(83, 0, 0, 0, 0, 0, 0, 0, 0, 0, 0, 0, 0, 0, 0, 0, 0, 0, 0, 0, 0, 0, 0, 0, 0, 1, 0, 1, 1, 0, 0, 0, 0, 1),
(84, 0, 0, 0, 0, 0, 0, 0, 0, 0, 0, 0, 0, 0, 0, 0, 0, 0, 0, 0, 0, 0, 0, 0, 0, 0, 0, 0, 0, 0, 0, 0, 0, 0),
(85, 0, 0, 0, 0, 0, 0, 0, 0, 0, 0, 0, 0, 0, 0, 0, 0, 0, 0, 0, 0, 0, 0, 0, 0, 1, 0, 0, 0, 0, 0, 0, 0, 0),
(86, 0, 0, 0, 0, 0, 0, 0, 0, 0, 0, 0, 0, 0, 0, 0, 0, 0, 0, 0, 0, 0, 1, 0, 0, 1, 0, 0, 1, 1, 0, 1, 0, 1),
(87, 0, 0, 0, 0, 0, 0, 0, 0, 0, 0, 0, 0, 0, 0, 0, 0, 0, 0, 0, 0, 0, 0, 0, 0, 1, 0, 0, 1, 1, 0, 0, 0, 1),
(88, 0, 0, 0, 0, 0, 0, 0, 0, 0, 0, 0, 0, 0, 0, 0, 0, 0, 0, 0, 0, 0, 0, 0, 0, 0, 0, 0, 0, 0, 0, 0, 0, 0),
(89, 0, 0, 0, 0, 0, 0, 0, 0, 0, 0, 0, 0, 0, 0, 0, 0, 0, 0, 0, 0, 0, 0, 0, 0, 1, 0, 0, 0, 0, 0, 0, 0, 0),
(90, 0, 0, 0, 0, 0, 0, 0, 0, 0, 0, 0, 0, 0, 0, 0, 0, 0, 0, 0, 0, 0, 0, 0, 0, 0, 0, 0, 0, 1, 0, 0, 0, 0),
(91, 0, 0, 0, 0, 0, 0, 0, 0, 0, 0, 0, 0, 0, 0, 0, 0, 0, 0, 0, 0, 0, 0, 0, 0, 0, 0, 0, 0, 1, 0, 0, 0, 0),
(92, 0, 0, 0, 0, 0, 0, 0, 0, 0, 0, 0, 0, 0, 0, 0, 0, 0, 0, 0, 0, 0, 0, 0, 0, 0, 0, 0, 0, 0, 0, 0, 0, 0),
(93, 0, 0, 0, 0, 0, 0, 0, 0, 0, 0, 0, 0, 0, 0, 0, 0, 0, 0, 0, 0, 0, 0, 0, 0, 0, 0, 0, 0, 0, 1, 1, 0, 0),
(94, 0, 0, 0, 0, 0, 0, 0, 0, 0, 0, 0, 0, 0, 0, 0, 0, 0, 0, 0, 0, 0, 1, 0, 0, 1, 0, 0, 0, 0, 0, 0, 0, 1),
(95, 1, 0, 0, 1, 0, 0, 0, 0, 1, 0, 0, 0, 0, 0, 1, 1, 0, 1, 1, 1, 1, 1, 1, 1, 1, 0, 1, 1, 1, 1, 1, 1, 1),
(96, 0, 0, 0, 1, 0, 0, 0, 0, 0, 0, 0, 0, 0, 0, 0, 1, 0, 0, 0, 0, 0, 0, 0, 0, 0, 0, 0, 0, 0, 0, 1, 0, 1),
(97, 0, 0, 0, 0, 0, 0, 0, 0, 1, 0, 0, 0, 0, 0, 0, 0, 0, 1, 1, 0, 0, 0, 0, 0, 0, 0, 1, 1, 1, 0, 1, 0, 1),
(98, 0, 0, 0, 0, 0, 0, 0, 0, 0, 0, 0, 0, 0, 0, 1, 0, 0, 1, 0, 0, 0, 0, 0, 1, 1, 0, 0, 0, 0, 0, 0, 0, 0),
(99, 0, 0, 0, 0, 0, 0, 0, 0, 0, 0, 0, 0, 0, 0, 0, 0, 0, 0, 0, 0, 0, 0, 0, 0, 0, 0, 1, 1, 1, 0, 0, 0, 1),
(100, 0, 0, 0, 0, 0, 0, 0, 0, 0, 0, 0, 0, 0, 0, 0, 0, 0, 0, 0, 0, 0, 0, 0, 0, 0, 0, 0, 0, 0, 0, 0, 0, 0),
(101, 0, 0, 0, 0, 0, 0, 0, 0, 0, 0, 0, 0, 0, 0, 0, 0, 0, 0, 0, 0, 0, 0, 0, 0, 0, 0, 0, 0, 0, 0, 0, 0, 0),
(102, 0, 0, 0, 0, 0, 0, 0, 0, 0, 0, 0, 0, 0, 0, 0, 0, 0, 1, 0, 0, 0, 0, 0, 0, 1, 0, 0, 0, 0, 0, 0, 0, 0),
(103, 0, 0, 0, 0, 0, 0, 0, 0, 0, 0, 0, 0, 0, 0, 0, 1, 0, 0, 0, 0, 0, 0, 0, 0, 0, 0, 0, 1, 1, 0, 0, 0, 0),
(104, 0, 0, 0, 0, 0, 0, 0, 0, 0, 0, 0, 0, 0, 0, 0, 0, 0, 0, 0, 0, 0, 0, 0, 0, 0, 0, 0, 0, 0, 0, 0, 0, 1),
(105, 0, 0, 0, 0, 0, 0, 0, 0, 0, 0, 0, 0, 0, 0, 0, 0, 0, 0, 0, 0, 0, 0, 0, 0, 1, 0, 0, 0, 0, 0, 0, 0, 1),
(106, 1, 0, 0, 0, 0, 0, 0, 0, 1, 0, 0, 0, 0, 1, 1, 1, 0, 1, 1, 1, 1, 0, 0, 1, 1, 0, 1, 1, 1, 1, 0, 0, 1),
(107, 0, 0, 0, 0, 0, 0, 0, 0, 0, 0, 0, 0, 0, 0, 0, 0, 0, 0, 0, 0, 0, 0, 0, 0, 1, 0, 0, 0, 0, 0, 0, 0, 0),
(108, 0, 0, 0, 0, 0, 0, 0, 0, 0, 0, 0, 0, 0, 0, 0, 0, 0, 0, 0, 0, 0, 0, 0, 0, 0, 0, 0, 0, 1, 0, 0, 0, 1),
(109, 0, 0, 0, 0, 0, 0, 0, 0, 0, 0, 0, 0, 0, 0, 0, 0, 0, 0, 0, 0, 0, 0, 0, 0, 0, 0, 0, 0, 1, 0, 0, 0, 0),
(110, 0, 0, 0, 0, 0, 0, 0, 0, 1, 0, 0, 0, 0, 0, 0, 0, 0, 0, 0, 0, 0, 0, 0, 0, 1, 0, 0, 0, 0, 0, 0, 0, 0),
(111, 0, 0, 0, 0, 0, 0, 0, 0, 0, 0, 0, 0, 0, 1, 0, 1, 0, 0, 1, 1, 0, 1, 0, 1, 0, 0, 0, 1, 1, 0, 1, 0, 0),
(112, 0, 0, 0, 0, 0, 0, 0, 0, 0, 0, 0, 0, 0, 0, 0, 0, 0, 1, 0, 0, 0, 1, 0, 0, 1, 0, 0, 0, 1, 0, 0, 0, 1),
(113, 0, 0, 0, 0, 0, 0, 0, 0, 1, 0, 0, 0, 0, 0, 0, 0, 0, 1, 0, 0, 0, 0, 0, 0, 1, 0, 0, 1, 0, 0, 0, 0, 1),
(114, 0, 0, 0, 0, 0, 0, 0, 1, 0, 0, 0, 0, 0, 0, 0, 0, 0, 0, 0, 0, 0, 0, 0, 0, 1, 0, 0, 0, 0, 0, 0, 0, 1),
(115, 0, 0, 0, 0, 0, 0, 0, 0, 0, 0, 0, 0, 0, 0, 0, 0, 0, 0, 1, 0, 0, 0, 0, 0, 0, 0, 0, 1, 1, 0, 0, 0, 0),
(116, 0, 0, 0, 0, 0, 0, 0, 0, 0, 0, 0, 0, 0, 0, 0, 0, 0, 0, 0, 0, 0, 0, 0, 0, 1, 0, 0, 0, 1, 0, 0, 0, 0),
(117, 0, 0, 0, 0, 0, 0, 0, 0, 0, 0, 0, 0, 0, 0, 0, 0, 0, 0, 0, 0, 0, 0, 0, 0, 0, 0, 0, 0, 0, 0, 0, 0, 1),
(118, 0, 0, 0, 0, 0, 0, 0, 0, 0, 0, 0, 0, 0, 0, 0, 0, 0, 0, 0, 0, 0, 0, 0, 0, 0, 0, 0, 0, 1, 0, 0, 0, 0),
(119, 0, 0, 0, 0, 0, 0, 0, 0, 0, 0, 0, 0, 0, 0, 0, 0, 0, 0, 0, 0, 0, 0, 0, 0, 1, 0, 0, 0, 0, 0, 0, 0, 1),
(120, 0, 0, 0, 0, 0, 0, 0, 0, 0, 0, 0, 0, 0, 0, 0, 0, 0, 1, 0, 0, 0, 0, 0, 0, 1, 0, 1, 0, 1, 0, 0, 0, 0),
(121, 0, 0, 0, 0, 0, 0, 0, 0, 0, 0, 0, 0, 0, 0, 0, 0, 0, 0, 0, 0, 0, 0, 0, 0, 1, 0, 0, 0, 0, 0, 0, 0, 0),
(122, 0, 0, 0, 0, 0, 0, 0, 0, 0, 0, 0, 0, 0, 0, 0, 0, 0, 0, 0, 0, 0, 0, 0, 0, 1, 0, 0, 1, 1, 0, 0, 0, 1),
(123, 0, 0, 0, 0, 0, 0, 0, 0, 0, 0, 0, 0, 0, 0, 0, 0, 0, 0, 0, 0, 0, 0, 0, 0, 0, 0, 1, 1, 1, 0, 0, 0, 0),
(124, 0, 0, 0, 0, 0, 0, 0, 0, 1, 0, 0, 0, 0, 0, 0, 0, 0, 1, 1, 0, 0, 0, 0, 1, 1, 0, 1, 1, 1, 0, 0, 0, 1),
(125, 0, 0, 0, 0, 0, 1, 0, 0, 0, 0, 0, 0, 0, 0, 0, 0, 0, 0, 0, 0, 0, 0, 0, 0, 1, 0, 0, 1, 1, 0, 0, 0, 0),
(126, 0, 0, 0, 0, 0, 0, 0, 0, 0, 0, 0, 0, 0, 0, 0, 0, 0, 0, 0, 0, 0, 0, 0, 0, 0, 0, 1, 1, 1, 0, 0, 0, 1),
(127, 0, 0, 0, 0, 0, 0, 0, 0, 0, 0, 0, 0, 0, 0, 0, 0, 0, 0, 0, 0, 0, 0, 0, 0, 1, 0, 0, 0, 0, 0, 0, 0, 0),
(128, 0, 0, 0, 0, 0, 0, 0, 0, 0, 0, 0, 0, 0, 0, 0, 0, 0, 0, 0, 0, 0, 0, 0, 1, 0, 0, 0, 0, 0, 0, 0, 0, 0),
(129, 0, 0, 0, 0, 0, 0, 0, 0, 0, 0, 0, 0, 0, 0, 0, 0, 0, 1, 1, 0, 0, 0, 0, 1, 1, 0, 1, 1, 1, 0, 0, 0, 0),
(130, 0, 0, 0, 0, 0, 0, 0, 0, 0, 0, 0, 0, 0, 0, 0, 0, 0, 0, 0, 0, 0, 0, 0, 0, 1, 0, 0, 0, 0, 0, 0, 0, 0),
(131, 0, 0, 0, 0, 0, 0, 0, 0, 0, 0, 0, 0, 0, 0, 0, 0, 0, 0, 0, 0, 0, 0, 0, 0, 0, 0, 0, 1, 1, 0, 0, 0, 0),
(132, 0, 0, 0, 0, 0, 0, 0, 0, 0, 0, 0, 0, 0, 0, 0, 0, 0, 0, 0, 0, 0, 0, 0, 0, 0, 0, 1, 1, 1, 0, 0, 0, 1),
(133, 0, 0, 0, 0, 0, 0, 0, 0, 0, 0, 0, 0, 0, 0, 0, 0, 0, 0, 0, 0, 0, 0, 0, 0, 0, 0, 0, 1, 0, 0, 0, 0, 0),
(134, 0, 0, 0, 0, 0, 0, 0, 0, 0, 0, 0, 0, 0, 0, 0, 0, 0, 0, 0, 0, 0, 0, 0, 0, 0, 0, 1, 1, 1, 0, 0, 0, 1),
(135, 0, 0, 0, 0, 0, 0, 0, 0, 0, 0, 0, 0, 0, 0, 0, 0, 0, 0, 0, 0, 0, 0, 0, 0, 1, 0, 1, 1, 1, 0, 0, 0, 0),
(136, 0, 0, 0, 0, 0, 1, 1, 0, 1, 1, 0, 0, 0, 0, 1, 1, 0, 1, 0, 0, 0, 0, 0, 1, 0, 0, 0, 1, 1, 0, 0, 1, 0),
(137, 0, 0, 0, 0, 0, 0, 0, 0, 0, 0, 0, 0, 0, 0, 0, 0, 0, 0, 0, 0, 0, 0, 0, 0, 1, 0, 0, 0, 0, 0, 0, 0, 0),
(138, 0, 0, 0, 0, 0, 0, 0, 0, 0, 0, 0, 0, 0, 0, 0, 0, 0, 0, 0, 0, 0, 0, 0, 0, 1, 0, 0, 0, 0, 0, 0, 0, 0),
(139, 0, 0, 0, 0, 0, 0, 0, 0, 0, 0, 0, 0, 0, 0, 0, 0, 0, 0, 0, 0, 0, 0, 0, 0, 0, 0, 0, 1, 1, 0, 0, 0, 1),
(140, 0, 0, 0, 0, 0, 0, 0, 0, 0, 0, 0, 0, 0, 0, 0, 0, 0, 0, 0, 0, 0, 0, 0, 0, 0, 0, 0, 0, 1, 0, 0, 0, 0),
(141, 0, 0, 0, 0, 0, 0, 0, 0, 0, 0, 0, 0, 0, 0, 0, 0, 0, 0, 0, 0, 0, 0, 0, 0, 0, 0, 0, 0, 0, 0, 1, 0, 0),
(142, 0, 0, 0, 0, 0, 0, 1, 0, 1, 0, 0, 0, 0, 0, 0, 0, 0, 1, 0, 0, 0, 0, 0, 0, 0, 0, 1, 0, 1, 0, 0, 0, 0),
(143, 0, 0, 0, 0, 0, 0, 0, 0, 0, 0, 0, 0, 0, 0, 0, 0, 0, 0, 0, 0, 0, 0, 0, 0, 1, 0, 0, 1, 0, 0, 0, 0, 0),
(144, 0, 0, 0, 0, 0, 0, 0, 0, 0, 0, 0, 0, 0, 0, 0, 0, 0, 0, 0, 0, 0, 0, 0, 0, 1, 0, 0, 0, 0, 0, 0, 0, 0),
(145, 0, 0, 0, 0, 0, 0, 0, 0, 0, 0, 0, 0, 0, 0, 0, 0, 0, 0, 0, 0, 0, 0, 0, 0, 1, 0, 0, 1, 1, 0, 0, 0, 0),
(146, 0, 0, 0, 0, 0, 0, 0, 0, 0, 0, 0, 0, 0, 0, 0, 0, 0, 0, 1, 0, 0, 0, 0, 0, 1, 0, 1, 0, 1, 0, 0, 0, 1),
(147, 0, 0, 0, 0, 0, 0, 0, 0, 0, 0, 0, 0, 0, 0, 0, 0, 0, 1, 0, 0, 0, 1, 1, 0, 0, 0, 1, 1, 1, 0, 0, 0, 0),
(148, 0, 0, 0, 0, 0, 0, 0, 0, 0, 0, 0, 0, 0, 0, 0, 0, 0, 0, 0, 0, 0, 0, 0, 0, 0, 0, 0, 0, 1, 0, 0, 0, 0),
(149, 0, 0, 0, 0, 0, 0, 0, 0, 0, 0, 0, 0, 0, 0, 0, 0, 0, 0, 0, 0, 0, 0, 0, 0, 0, 0, 0, 1, 0, 0, 0, 0, 0),
(150, 0, 0, 0, 0, 0, 0, 0, 0, 0, 0, 0, 0, 0, 0, 0, 0, 0, 0, 0, 0, 0, 0, 0, 0, 1, 0, 0, 0, 0, 0, 0, 0, 1),
(151, 0, 0, 0, 0, 0, 0, 0, 0, 1, 0, 1, 0, 0, 0, 0, 1, 0, 0, 0, 0, 0, 0, 0, 0, 1, 0, 0, 1, 1, 0, 1, 0, 1),
(152, 0, 0, 0, 0, 0, 0, 0, 0, 0, 0, 0, 0, 0, 0, 0, 0, 0, 0, 0, 0, 0, 0, 0, 0, 1, 0, 0, 0, 0, 0, 0, 0, 1),
(153, 0, 0, 0, 0, 0, 0, 0, 0, 0, 0, 0, 0, 0, 0, 0, 0, 0, 0, 0, 0, 0, 0, 0, 0, 1, 0, 0, 0, 0, 0, 0, 0, 1),
(154, 0, 0, 0, 0, 0, 0, 0, 0, 0, 0, 0, 0, 0, 0, 0, 0, 0, 0, 0, 0, 0, 0, 0, 0, 0, 0, 0, 0, 0, 0, 0, 0, 0),
(155, 0, 0, 0, 0, 0, 0, 0, 0, 0, 0, 0, 0, 0, 0, 0, 0, 0, 1, 1, 0, 0, 0, 0, 1, 1, 0, 0, 1, 1, 0, 0, 0, 1),
(156, 0, 0, 0, 0, 0, 0, 0, 0, 0, 0, 0, 0, 0, 0, 0, 0, 0, 0, 0, 0, 0, 0, 0, 0, 0, 0, 0, 1, 1, 0, 0, 0, 0),
(157, 0, 0, 0, 0, 0, 0, 0, 0, 0, 0, 0, 0, 0, 0, 0, 0, 0, 0, 0, 0, 0, 0, 0, 0, 0, 0, 0, 1, 1, 0, 0, 0, 0),
(158, 0, 0, 0, 0, 0, 0, 0, 0, 0, 0, 0, 0, 0, 0, 0, 0, 0, 0, 0, 0, 0, 0, 0, 0, 0, 0, 0, 1, 1, 0, 0, 0, 0),
(159, 0, 0, 0, 0, 0, 0, 0, 0, 0, 0, 0, 0, 1, 0, 0, 1, 0, 0, 0, 0, 1, 0, 0, 0, 0, 0, 0, 0, 1, 0, 0, 0, 0),
(160, 0, 0, 0, 0, 0, 0, 0, 0, 0, 0, 0, 0, 0, 0, 0, 0, 0, 0, 0, 0, 0, 0, 0, 0, 0, 0, 0, 0, 0, 0, 0, 0, 0),
(161, 0, 0, 0, 0, 0, 0, 0, 0, 0, 0, 0, 0, 0, 0, 0, 0, 0, 0, 0, 0, 0, 0, 0, 0, 1, 0, 0, 1, 0, 0, 0, 0, 0),
(162, 0, 0, 0, 0, 0, 0, 0, 0, 0, 0, 0, 0, 0, 0, 0, 0, 0, 0, 0, 0, 0, 0, 0, 0, 0, 0, 0, 0, 1, 0, 0, 0, 1),
(163, 0, 0, 0, 0, 0, 0, 0, 0, 0, 0, 0, 0, 0, 0, 0, 0, 0, 1, 0, 0, 0, 0, 0, 0, 1, 0, 0, 0, 0, 0, 0, 0, 0),
(164, 0, 0, 0, 0, 0, 0, 0, 0, 1, 0, 0, 0, 0, 0, 0, 0, 0, 0, 0, 0, 0, 0, 0, 0, 0, 0, 0, 0, 0, 0, 0, 0, 0),
(165, 0, 0, 0, 0, 0, 0, 0, 0, 0, 0, 0, 0, 0, 0, 0, 0, 0, 1, 1, 0, 0, 0, 0, 0, 1, 0, 0, 1, 1, 0, 0, 0, 1),
(166, 0, 0, 0, 0, 0, 0, 0, 0, 0, 0, 0, 0, 0, 0, 0, 0, 0, 0, 0, 0, 0, 0, 0, 0, 0, 0, 0, 0, 0, 0, 0, 0, 0),
(167, 0, 0, 0, 0, 0, 0, 0, 0, 0, 0, 0, 0, 0, 0, 0, 0, 0, 0, 0, 0, 0, 0, 0, 0, 0, 0, 0, 0, 1, 0, 0, 0, 0),
(168, 0, 0, 0, 0, 0, 0, 0, 0, 0, 0, 0, 0, 0, 0, 0, 0, 0, 0, 0, 0, 0, 0, 0, 0, 0, 0, 0, 0, 0, 0, 0, 0, 0),
(169, 0, 0, 0, 0, 0, 0, 0, 0, 0, 0, 0, 0, 0, 0, 0, 0, 0, 0, 0, 0, 0, 0, 0, 0, 1, 0, 0, 0, 0, 0, 0, 0, 0),
(170, 0, 0, 0, 0, 0, 0, 0, 0, 0, 0, 0, 0, 0, 0, 0, 0, 0, 0, 0, 0, 0, 0, 0, 0, 0, 0, 0, 0, 1, 0, 0, 0, 0),
(171, 0, 0, 0, 0, 0, 0, 0, 0, 0, 0, 0, 0, 0, 0, 0, 0, 0, 0, 0, 0, 0, 0, 0, 0, 0, 0, 0, 0, 0, 0, 1, 0, 0),
(172, 0, 0, 0, 0, 0, 0, 0, 0, 1, 0, 0, 0, 0, 0, 0, 0, 0, 1, 0, 0, 0, 0, 0, 0, 0, 0, 0, 0, 0, 0, 0, 0, 1),
(173, 0, 0, 0, 0, 0, 0, 0, 0, 0, 0, 0, 0, 0, 0, 0, 0, 0, 0, 0, 0, 0, 0, 0, 0, 0, 0, 1, 0, 0, 0, 0, 0, 0),
(174, 0, 0, 0, 0, 0, 0, 0, 0, 0, 0, 0, 0, 0, 0, 0, 0, 0, 0, 0, 0, 0, 0, 0, 0, 1, 0, 0, 0, 0, 0, 0, 0, 0),
(175, 0, 0, 0, 0, 0, 0, 0, 0, 0, 0, 0, 0, 0, 0, 0, 0, 0, 0, 0, 0, 0, 0, 0, 0, 0, 0, 0, 1, 1, 0, 0, 0, 0),
(176, 0, 0, 0, 0, 0, 0, 0, 0, 0, 0, 0, 0, 0, 0, 0, 0, 0, 0, 0, 0, 0, 0, 0, 0, 1, 0, 0, 0, 0, 0, 0, 0, 0),
(177, 0, 0, 0, 0, 0, 0, 0, 0, 1, 0, 0, 0, 0, 0, 1, 0, 0, 1, 0, 0, 0, 0, 0, 0, 0, 0, 0, 0, 0, 0, 0, 0, 0),
(178, 0, 0, 0, 0, 0, 0, 0, 0, 0, 0, 0, 0, 0, 0, 0, 0, 0, 0, 0, 0, 0, 0, 0, 0, 0, 0, 0, 1, 1, 0, 0, 0, 0),
(179, 0, 0, 0, 0, 0, 0, 0, 0, 0, 0, 0, 0, 0, 0, 0, 0, 0, 0, 0, 0, 0, 0, 0, 0, 1, 0, 0, 0, 0, 0, 0, 0, 0),
(180, 0, 0, 0, 0, 0, 0, 0, 0, 0, 0, 0, 0, 0, 0, 0, 0, 0, 0, 0, 0, 0, 0, 0, 0, 0, 0, 1, 1, 1, 0, 0, 0, 1),
(181, 0, 0, 0, 0, 0, 0, 0, 0, 0, 0, 0, 0, 0, 0, 0, 0, 0, 0, 0, 0, 0, 0, 0, 0, 0, 0, 0, 0, 0, 0, 0, 0, 0),
(182, 0, 0, 0, 0, 0, 0, 0, 0, 0, 0, 0, 0, 0, 0, 0, 0, 0, 0, 0, 0, 0, 0, 0, 0, 1, 0, 0, 0, 0, 0, 0, 0, 0),
(183, 0, 0, 0, 0, 0, 0, 0, 0, 0, 0, 0, 0, 0, 0, 0, 0, 0, 0, 0, 0, 0, 0, 0, 0, 1, 0, 0, 0, 0, 0, 0, 0, 0),
(184, 0, 0, 0, 0, 0, 0, 0, 0, 0, 0, 0, 0, 0, 0, 1, 0, 0, 0, 0, 0, 0, 0, 0, 0, 0, 0, 0, 0, 0, 0, 0, 0, 0),
(185, 0, 0, 0, 0, 0, 0, 0, 0, 0, 0, 0, 0, 0, 0, 0, 0, 0, 0, 0, 0, 0, 0, 0, 0, 0, 0, 1, 1, 1, 0, 0, 0, 0),
(186, 0, 0, 0, 0, 0, 0, 0, 0, 0, 0, 0, 0, 0, 0, 0, 0, 0, 0, 0, 0, 0, 0, 0, 0, 1, 0, 0, 1, 0, 0, 0, 0, 1),
(187, 0, 0, 0, 0, 0, 0, 0, 0, 1, 0, 1, 0, 1, 0, 0, 0, 0, 0, 0, 0, 0, 0, 0, 0, 0, 0, 0, 0, 1, 0, 0, 0, 1),
(188, 0, 0, 0, 0, 0, 0, 0, 0, 0, 0, 0, 0, 0, 0, 0, 0, 0, 0, 0, 0, 0, 0, 0, 0, 0, 0, 0, 0, 0, 0, 0, 0, 0),
(189, 0, 0, 0, 1, 0, 0, 0, 0, 1, 0, 0, 0, 0, 0, 1, 0, 0, 0, 0, 0, 0, 0, 0, 0, 0, 0, 0, 0, 0, 0, 0, 0, 1),
(190, 0, 0, 0, 0, 0, 0, 0, 0, 1, 0, 0, 0, 0, 0, 0, 0, 0, 0, 0, 0, 0, 0, 0, 0, 0, 0, 1, 1, 1, 0, 0, 0, 1),
(191, 0, 0, 0, 0, 0, 0, 0, 0, 0, 0, 0, 0, 0, 0, 1, 1, 1, 0, 0, 1, 0, 1, 0, 0, 1, 0, 0, 0, 0, 0, 0, 0, 1),
(192, 0, 0, 0, 0, 0, 0, 0, 0, 0, 0, 0, 0, 0, 0, 0, 0, 0, 0, 0, 0, 0, 0, 0, 0, 0, 0, 0, 0, 0, 0, 0, 0, 0),
(193, 0, 0, 0, 0, 0, 0, 0, 0, 0, 0, 0, 0, 0, 0, 0, 0, 0, 0, 1, 0, 0, 0, 0, 0, 0, 0, 0, 0, 0, 0, 0, 0, 1),
(194, 0, 0, 0, 0, 0, 0, 0, 0, 0, 0, 0, 0, 0, 0, 0, 0, 0, 0, 0, 0, 0, 0, 0, 0, 0, 0, 0, 0, 0, 0, 1, 0, 0),
(195, 0, 0, 0, 0, 0, 0, 0, 0, 0, 0, 0, 0, 0, 0, 0, 0, 0, 0, 0, 0, 0, 0, 0, 0, 0, 0, 1, 1, 1, 0, 0, 0, 0),
(196, 0, 0, 0, 0, 0, 0, 0, 0, 0, 0, 0, 0, 0, 0, 0, 0, 0, 0, 0, 0, 0, 0, 0, 0, 0, 0, 1, 1, 1, 1, 1, 0, 1),
(197, 0, 0, 0, 0, 0, 0, 0, 0, 0, 0, 0, 0, 0, 0, 0, 0, 0, 0, 0, 0, 0, 0, 0, 1, 1, 0, 0, 1, 1, 0, 1, 0, 1),
(198, 0, 0, 0, 0, 0, 0, 0, 0, 0, 0, 0, 0, 0, 0, 0, 0, 0, 0, 0, 0, 0, 0, 0, 0, 0, 0, 0, 1, 1, 0, 0, 0, 0),
(199, 0, 0, 0, 0, 0, 0, 0, 0, 1, 0, 0, 0, 0, 0, 0, 0, 0, 0, 0, 0, 0, 0, 0, 0, 1, 0, 1, 1, 1, 0, 0, 0, 1),
(200, 0, 0, 0, 0, 0, 0, 0, 0, 0, 0, 0, 0, 0, 0, 0, 0, 0, 0, 0, 0, 0, 0, 0, 0, 0, 0, 1, 0, 0, 0, 0, 0, 0),
(201, 0, 0, 0, 0, 0, 0, 0, 0, 0, 0, 0, 0, 0, 0, 0, 0, 0, 0, 0, 0, 0, 0, 0, 0, 0, 0, 0, 0, 0, 0, 0, 0, 0),
(202, 0, 0, 0, 0, 0, 0, 0, 0, 0, 0, 0, 0, 0, 0, 0, 0, 0, 1, 1, 0, 0, 1, 0, 0, 0, 0, 0, 0, 0, 0, 0, 0, 0),
(203, 0, 0, 0, 0, 0, 0, 0, 0, 0, 0, 0, 0, 0, 0, 0, 0, 0, 0, 0, 0, 0, 0, 0, 0, 0, 0, 0, 0, 0, 0, 0, 0, 0),
(204, 0, 0, 0, 0, 0, 0, 0, 0, 0, 0, 0, 0, 0, 0, 0, 0, 0, 0, 0, 0, 0, 0, 0, 0, 1, 0, 0, 1, 0, 0, 0, 0, 0),
(205, 0, 0, 0, 0, 0, 0, 0, 0, 0, 0, 0, 0, 0, 0, 0, 0, 0, 0, 0, 0, 0, 0, 0, 0, 0, 0, 0, 1, 1, 0, 0, 0, 0),
(206, 0, 0, 0, 0, 0, 0, 0, 0, 0, 0, 0, 0, 0, 0, 0, 0, 0, 0, 0, 0, 0, 0, 0, 0, 1, 0, 0, 0, 0, 0, 0, 0, 0),
(207, 0, 0, 0, 0, 0, 0, 0, 0, 0, 0, 0, 0, 0, 0, 0, 0, 0, 0, 0, 0, 0, 0, 0, 0, 1, 0, 0, 0, 0, 0, 0, 0, 1),
(208, 0, 0, 0, 0, 0, 0, 0, 0, 0, 0, 0, 0, 0, 0, 0, 0, 0, 0, 0, 0, 0, 0, 0, 0, 0, 0, 0, 1, 0, 0, 0, 1, 0),
(209, 0, 0, 0, 0, 0, 0, 0, 0, 0, 0, 0, 0, 0, 0, 0, 0, 0, 0, 0, 0, 0, 0, 0, 0, 1, 0, 0, 1, 1, 0, 0, 0, 0),
(210, 0, 0, 0, 0, 0, 0, 0, 0, 0, 0, 0, 0, 0, 0, 0, 0, 0, 0, 0, 0, 0, 0, 0, 0, 0, 0, 0, 0, 0, 0, 0, 0, 0),
(211, 0, 0, 0, 0, 0, 0, 0, 0, 0, 0, 0, 0, 0, 0, 0, 0, 0, 0, 0, 0, 0, 0, 0, 0, 0, 0, 0, 1, 1, 1, 0, 0, 0),
(212, 0, 0, 0, 0, 0, 0, 0, 0, 0, 0, 0, 0, 0, 0, 0, 0, 0, 0, 0, 0, 0, 0, 0, 0, 1, 0, 0, 0, 1, 0, 0, 0, 0),
(213, 0, 0, 0, 0, 0, 0, 0, 0, 0, 0, 0, 0, 0, 0, 0, 0, 0, 0, 0, 0, 0, 0, 0, 0, 0, 0, 0, 0, 0, 0, 0, 0, 1),
(214, 1, 0, 0, 0, 0, 0, 0, 0, 1, 0, 0, 1, 0, 0, 0, 0, 0, 0, 1, 0, 0, 0, 0, 0, 1, 0, 0, 1, 1, 1, 0, 0, 1),
(215, 0, 0, 0, 0, 0, 0, 0, 0, 0, 0, 0, 0, 0, 0, 0, 0, 0, 1, 0, 1, 0, 0, 0, 0, 1, 0, 0, 0, 1, 0, 0, 0, 0),
(216, 0, 0, 0, 0, 0, 0, 0, 0, 0, 0, 0, 0, 0, 0, 0, 0, 0, 0, 0, 0, 0, 0, 0, 0, 0, 0, 0, 0, 0, 0, 0, 0, 0),
(217, 0, 0, 0, 0, 0, 0, 0, 0, 0, 0, 0, 0, 0, 0, 0, 0, 0, 0, 0, 0, 0, 0, 0, 0, 0, 0, 0, 0, 0, 0, 0, 0, 0),
(218, 0, 0, 0, 0, 0, 0, 0, 0, 0, 0, 0, 0, 0, 0, 0, 0, 0, 0, 0, 0, 0, 0, 0, 0, 0, 0, 0, 0, 0, 0, 0, 0, 0),
(219, 0, 0, 0, 0, 0, 0, 0, 0, 0, 0, 0, 0, 0, 0, 0, 0, 0, 0, 0, 0, 0, 0, 0, 0, 0, 0, 0, 0, 0, 0, 0, 0, 0),
(220, 0, 0, 0, 0, 0, 0, 0, 0, 0, 0, 0, 0, 0, 0, 0, 0, 0, 0, 0, 0, 0, 0, 0, 0, 0, 0, 0, 0, 0, 0, 0, 0, 0),
(221, 0, 0, 0, 0, 0, 0, 0, 0, 0, 0, 0, 0, 0, 0, 0, 0, 0, 0, 0, 0, 0, 0, 0, 0, 0, 0, 0, 0, 0, 0, 0, 0, 0),
(222, 0, 0, 0, 0, 0, 0, 0, 0, 0, 0, 0, 0, 0, 0, 0, 0, 0, 0, 0, 0, 0, 0, 0, 0, 0, 0, 0, 0, 0, 0, 0, 0, 0),
(223, 0, 0, 0, 0, 0, 0, 0, 0, 0, 0, 0, 0, 0, 0, 0, 0, 0, 0, 0, 0, 0, 0, 0, 0, 0, 0, 0, 0, 0, 0, 0, 0, 0),
(224, 0, 0, 0, 0, 0, 0, 0, 0, 0, 0, 0, 0, 0, 0, 0, 0, 0, 0, 0, 0, 0, 0, 0, 0, 0, 0, 0, 0, 0, 0, 1, 0, 0),
(225, 0, 0, 0, 0, 0, 0, 0, 0, 0, 0, 0, 0, 0, 0, 0, 0, 0, 0, 0, 0, 0, 0, 0, 0, 0, 0, 0, 0, 0, 0, 0, 0, 0),
(226, 0, 0, 0, 0, 0, 0, 0, 0, 0, 0, 0, 0, 0, 0, 0, 0, 0, 0, 0, 0, 0, 0, 0, 0, 0, 0, 0, 0, 0, 0, 0, 0, 0),
(227, 0, 0, 0, 0, 0, 0, 0, 0, 0, 0, 0, 0, 0, 0, 0, 0, 0, 0, 0, 0, 0, 0, 0, 0, 0, 0, 0, 0, 0, 0, 0, 0, 0),
(228, 0, 0, 0, 0, 0, 0, 0, 0, 0, 0, 0, 0, 0, 0, 0, 0, 0, 0, 0, 0, 0, 0, 0, 0, 0, 0, 0, 0, 0, 0, 1, 0, 0),
(229, 0, 0, 0, 0, 0, 0, 0, 0, 0, 0, 0, 0, 0, 0, 0, 0, 0, 0, 0, 0, 0, 0, 0, 0, 0, 0, 0, 0, 0, 0, 0, 0, 0),
(230, 0, 0, 0, 0, 0, 0, 0, 0, 0, 0, 0, 0, 0, 0, 0, 0, 0, 0, 0, 0, 0, 0, 0, 0, 0, 0, 0, 0, 0, 0, 0, 0, 0),
(231, 0, 0, 0, 0, 0, 0, 0, 0, 0, 0, 0, 0, 0, 1, 0, 0, 0, 0, 0, 0, 0, 0, 0, 0, 0, 0, 0, 0, 0, 0, 0, 0, 0),
(232, 0, 0, 0, 0, 0, 0, 0, 0, 0, 0, 0, 0, 0, 0, 0, 0, 0, 0, 0, 0, 0, 0, 0, 0, 1, 0, 0, 0, 0, 0, 0, 0, 0),
(233, 0, 0, 0, 0, 0, 0, 0, 0, 0, 0, 0, 0, 0, 0, 0, 0, 0, 0, 0, 0, 0, 0, 0, 0, 0, 0, 0, 0, 0, 0, 0, 0, 0),
(234, 0, 0, 0, 0, 0, 0, 0, 0, 0, 0, 0, 0, 0, 0, 0, 0, 0, 0, 0, 0, 0, 0, 0, 0, 0, 0, 0, 0, 0, 0, 0, 0, 0),
(235, 0, 0, 0, 0, 0, 0, 0, 0, 0, 0, 0, 0, 0, 0, 0, 0, 0, 0, 0, 0, 0, 0, 0, 0, 0, 0, 0, 0, 0, 0, 1, 0, 0),
(236, 0, 0, 0, 0, 0, 0, 0, 0, 0, 0, 0, 0, 0, 0, 0, 0, 0, 0, 0, 0, 0, 0, 0, 0, 0, 0, 0, 0, 0, 0, 0, 0, 0),
(237, 0, 0, 0, 0, 0, 0, 0, 0, 0, 0, 0, 0, 0, 0, 0, 0, 0, 0, 0, 0, 0, 0, 0, 0, 0, 0, 0, 0, 0, 0, 0, 0, 0),
(238, 0, 0, 0, 0, 0, 0, 0, 0, 0, 0, 0, 0, 0, 0, 0, 0, 0, 0, 0, 0, 0, 0, 0, 0, 0, 0, 0, 0, 0, 0, 0, 0, 0),
(239, 0, 0, 0, 0, 0, 0, 0, 0, 0, 0, 0, 0, 0, 0, 0, 0, 0, 0, 0, 0, 0, 0, 0, 0, 0, 0, 0, 0, 0, 0, 1, 0, 0),
(240, 0, 0, 0, 0, 0, 0, 0, 0, 0, 0, 0, 0, 0, 0, 0, 0, 0, 0, 0, 0, 0, 0, 0, 0, 0, 0, 0, 0, 0, 0, 1, 0, 0),
(241, 0, 0, 0, 0, 0, 0, 0, 0, 0, 0, 0, 0, 0, 0, 0, 0, 0, 0, 0, 0, 0, 0, 0, 0, 0, 0, 0, 0, 0, 0, 0, 0, 0),
(242, 0, 0, 0, 0, 0, 0, 0, 0, 0, 0, 0, 0, 0, 0, 0, 0, 0, 0, 0, 0, 0, 0, 0, 0, 0, 0, 0, 0, 0, 0, 0, 0, 0),
(243, 0, 0, 0, 0, 0, 0, 0, 0, 0, 0, 0, 0, 0, 0, 0, 0, 0, 0, 0, 0, 0, 0, 0, 0, 0, 0, 0, 0, 0, 0, 0, 0, 0),
(244, 0, 0, 0, 0, 0, 0, 0, 0, 0, 0, 0, 0, 0, 0, 0, 0, 0, 0, 0, 0, 0, 0, 0, 0, 0, 0, 0, 0, 0, 0, 0, 0, 0),
(245, 0, 0, 0, 0, 0, 0, 0, 0, 0, 0, 0, 0, 0, 0, 0, 0, 0, 0, 0, 0, 0, 0, 0, 0, 0, 0, 0, 0, 0, 0, 0, 0, 0),
(246, 0, 0, 0, 0, 0, 0, 0, 0, 0, 0, 0, 0, 0, 0, 0, 0, 0, 0, 0, 0, 0, 0, 0, 0, 0, 0, 0, 0, 1, 0, 0, 0, 0),
(247, 0, 0, 0, 0, 0, 0, 0, 0, 0, 0, 0, 0, 0, 0, 0, 0, 0, 0, 0, 0, 0, 0, 0, 0, 0, 0, 0, 1, 0, 0, 0, 0, 0),
(248, 0, 0, 0, 0, 0, 0, 0, 0, 0, 0, 0, 0, 0, 0, 0, 0, 0, 0, 0, 0, 0, 0, 0, 0, 0, 0, 1, 0, 0, 0, 0, 0, 0),
(249, 0, 0, 0, 0, 0, 0, 0, 0, 0, 0, 0, 0, 0, 0, 0, 0, 0, 0, 0, 0, 0, 0, 0, 0, 0, 0, 0, 0, 1, 0, 0, 0, 0),
(250, 0, 0, 0, 0, 0, 0, 0, 0, 0, 0, 0, 0, 0, 0, 0, 0, 0, 0, 0, 0, 0, 0, 0, 0, 0, 0, 0, 0, 1, 0, 1, 0, 0),
(251, 0, 0, 0, 0, 0, 0, 0, 0, 0, 0, 0, 0, 0, 0, 0, 0, 0, 0, 0, 0, 0, 0, 0, 0, 0, 0, 0, 0, 0, 0, 0, 0, 0),
(252, 0, 0, 0, 0, 0, 0, 0, 0, 0, 0, 0, 0, 0, 0, 0, 0, 0, 0, 0, 0, 0, 0, 0, 0, 1, 0, 0, 0, 0, 0, 0, 0, 0),
(253, 0, 0, 0, 0, 0, 0, 0, 0, 0, 0, 0, 0, 0, 0, 0, 0, 0, 0, 0, 0, 0, 0, 0, 0, 0, 0, 0, 0, 0, 0, 0, 0, 0),
(254, 0, 0, 0, 0, 0, 1, 0, 0, 1, 0, 0, 0, 0, 1, 1, 1, 0, 0, 0, 0, 0, 1, 0, 0, 0, 0, 0, 0, 1, 0, 0, 0, 0),
(255, 1, 0, 0, 1, 1, 0, 0, 0, 0, 0, 0, 0, 0, 0, 0, 0, 0, 0, 0, 0, 0, 0, 0, 0, 0, 0, 0, 0, 1, 0, 0, 0, 0),
(256, 0, 0, 0, 0, 0, 0, 0, 0, 0, 0, 0, 0, 0, 0, 0, 0, 0, 0, 0, 0, 0, 0, 0, 0, 0, 0, 0, 0, 0, 0, 0, 0, 0),
(257, 0, 0, 0, 0, 0, 0, 0, 0, 0, 0, 0, 0, 0, 0, 0, 0, 0, 0, 0, 0, 0, 0, 0, 0, 0, 0, 1, 0, 1, 0, 0, 0, 1),
(258, 0, 0, 0, 0, 0, 0, 0, 0, 0, 0, 0, 0, 0, 0, 0, 0, 0, 0, 0, 0, 0, 0, 0, 0, 1, 0, 0, 0, 0, 0, 0, 0, 0),
(259, 0, 0, 0, 0, 0, 0, 0, 0, 1, 0, 0, 0, 0, 0, 0, 0, 0, 0, 0, 0, 0, 0, 0, 0, 0, 0, 0, 1, 1, 0, 0, 0, 1),
(260, 0, 0, 0, 0, 0, 0, 0, 0, 0, 0, 0, 0, 0, 0, 0, 0, 0, 0, 0, 0, 0, 0, 0, 0, 1, 0, 0, 0, 0, 0, 0, 0, 1),
(261, 0, 0, 0, 0, 0, 0, 0, 0, 0, 0, 0, 0, 0, 0, 0, 0, 0, 0, 0, 0, 0, 0, 0, 0, 1, 0, 0, 0, 0, 0, 0, 0, 1),
(262, 0, 0, 0, 0, 0, 0, 0, 0, 0, 0, 0, 0, 0, 0, 0, 0, 0, 0, 0, 0, 0, 0, 0, 0, 1, 0, 0, 0, 0, 0, 0, 0, 1),
(263, 0, 0, 0, 0, 0, 0, 0, 0, 0, 0, 0, 0, 0, 0, 0, 0, 0, 0, 0, 0, 0, 0, 0, 0, 1, 0, 0, 0, 0, 0, 0, 0, 0),
(264, 0, 0, 0, 0, 0, 0, 0, 0, 0, 0, 0, 0, 0, 0, 0, 0, 0, 0, 0, 0, 0, 0, 0, 0, 0, 0, 0, 0, 0, 0, 0, 0, 1),
(265, 0, 0, 0, 0, 0, 0, 0, 0, 0, 0, 0, 0, 0, 0, 0, 0, 0, 0, 0, 0, 0, 0, 0, 0, 0, 0, 0, 0, 0, 0, 0, 0, 1),
(266, 0, 0, 0, 0, 0, 0, 0, 0, 0, 0, 0, 0, 0, 0, 0, 0, 0, 0, 0, 0, 0, 0, 0, 0, 0, 0, 0, 0, 0, 0, 0, 0, 0),
(267, 1, 0, 0, 0, 0, 0, 0, 0, 0, 0, 0, 0, 0, 0, 0, 0, 0, 0, 0, 0, 0, 0, 0, 0, 0, 0, 0, 0, 0, 0, 0, 0, 0),
(268, 0, 0, 0, 0, 0, 0, 0, 0, 0, 0, 0, 0, 0, 0, 0, 0, 0, 0, 0, 0, 0, 0, 0, 0, 0, 0, 0, 1, 1, 0, 0, 0, 0),
(269, 0, 0, 0, 0, 0, 0, 0, 0, 0, 0, 0, 0, 0, 0, 0, 1, 0, 0, 0, 0, 0, 0, 0, 0, 1, 0, 0, 1, 0, 0, 0, 0, 1),
(270, 0, 0, 0, 0, 0, 0, 0, 0, 0, 0, 0, 0, 0, 1, 0, 0, 0, 0, 0, 0, 0, 0, 0, 0, 1, 0, 1, 0, 1, 0, 0, 0, 0),
(271, 0, 0, 0, 0, 0, 0, 0, 0, 0, 0, 0, 0, 0, 0, 0, 0, 0, 0, 0, 0, 0, 1, 0, 1, 1, 1, 0, 0, 1, 0, 0, 0, 0),
(272, 0, 0, 0, 0, 0, 0, 0, 0, 0, 0, 0, 0, 0, 0, 0, 0, 0, 0, 1, 0, 0, 0, 0, 0, 0, 0, 0, 0, 0, 0, 0, 0, 0),
(273, 0, 0, 0, 0, 0, 0, 0, 0, 0, 0, 0, 0, 0, 0, 0, 0, 0, 0, 0, 0, 0, 0, 1, 0, 0, 0, 0, 0, 0, 0, 0, 0, 0),
(274, 0, 0, 0, 0, 0, 0, 0, 0, 0, 0, 0, 1, 0, 0, 1, 0, 0, 0, 1, 0, 0, 0, 0, 0, 0, 0, 0, 0, 0, 0, 0, 0, 0),
(275, 0, 0, 0, 0, 0, 0, 0, 0, 1, 0, 0, 0, 0, 1, 0, 1, 0, 0, 0, 0, 0, 0, 0, 0, 1, 0, 0, 0, 1, 0, 0, 0, 0),
(276, 0, 0, 0, 0, 0, 0, 0, 0, 1, 0, 0, 0, 0, 0, 0, 0, 0, 0, 0, 0, 0, 0, 0, 0, 0, 0, 0, 0, 0, 0, 0, 0, 0),
(277, 0, 1, 0, 1, 1, 1, 1, 0, 1, 1, 0, 1, 0, 1, 1, 1, 0, 1, 1, 1, 1, 1, 0, 1, 1, 0, 1, 1, 1, 1, 1, 0, 1),
(278, 0, 0, 0, 0, 0, 0, 0, 0, 0, 0, 0, 0, 0, 0, 0, 0, 0, 0, 0, 0, 0, 0, 0, 0, 1, 0, 0, 0, 0, 0, 0, 0, 0),
(279, 0, 0, 0, 0, 0, 0, 0, 0, 0, 0, 0, 0, 0, 0, 0, 0, 0, 0, 0, 0, 0, 0, 0, 0, 1, 0, 0, 0, 0, 0, 0, 0, 0),
(280, 0, 0, 0, 0, 0, 0, 0, 0, 0, 0, 0, 0, 0, 0, 0, 0, 0, 0, 0, 0, 0, 0, 0, 0, 1, 0, 0, 0, 0, 0, 0, 0, 0),
(281, 0, 0, 0, 0, 0, 0, 0, 0, 0, 0, 0, 0, 0, 0, 0, 0, 0, 0, 0, 0, 0, 0, 0, 0, 1, 0, 0, 0, 0, 0, 0, 0, 0),
(282, 0, 0, 0, 0, 0, 0, 0, 0, 0, 0, 0, 0, 0, 0, 0, 0, 0, 0, 0, 0, 0, 0, 0, 0, 0, 0, 0, 0, 0, 0, 0, 0, 0),
(283, 0, 0, 0, 0, 0, 0, 0, 0, 0, 0, 0, 0, 0, 0, 0, 0, 0, 0, 0, 0, 0, 0, 0, 0, 0, 0, 0, 0, 1, 0, 0, 0, 0),
(284, 0, 0, 0, 0, 0, 0, 0, 0, 0, 0, 0, 0, 0, 0, 1, 1, 0, 1, 1, 1, 0, 0, 0, 1, 1, 0, 1, 1, 1, 0, 0, 0, 0),
(285, 1, 1, 1, 1, 1, 0, 0, 0, 1, 1, 1, 1, 1, 1, 1, 1, 0, 1, 1, 1, 1, 1, 1, 1, 1, 0, 1, 1, 1, 1, 1, 0, 0),
(286, 1, 1, 1, 1, 1, 1, 1, 0, 1, 1, 0, 1, 0, 1, 1, 1, 0, 1, 1, 1, 1, 1, 1, 1, 1, 0, 1, 1, 1, 1, 1, 0, 1),
(287, 0, 0, 0, 0, 0, 0, 0, 0, 0, 0, 0, 0, 0, 0, 0, 0, 0, 0, 0, 0, 0, 0, 0, 0, 0, 0, 0, 0, 0, 0, 0, 0, 0),
(288, 0, 0, 0, 0, 0, 0, 0, 0, 0, 0, 0, 0, 0, 0, 0, 0, 0, 0, 0, 0, 0, 0, 0, 0, 0, 0, 1, 1, 1, 0, 0, 0, 0),
(289, 0, 0, 0, 0, 0, 0, 0, 0, 0, 0, 0, 0, 0, 0, 0, 0, 0, 0, 0, 0, 0, 0, 0, 0, 0, 0, 1, 0, 1, 0, 0, 1, 1),
(290, 0, 0, 0, 0, 0, 0, 0, 0, 1, 0, 0, 0, 0, 0, 1, 0, 0, 1, 0, 0, 0, 0, 1, 1, 0, 0, 0, 0, 0, 0, 0, 0, 0),
(291, 0, 0, 0, 0, 0, 0, 0, 0, 0, 0, 0, 0, 0, 0, 0, 0, 0, 0, 0, 0, 0, 0, 0, 0, 1, 0, 0, 1, 1, 0, 0, 0, 1),
(292, 0, 0, 0, 0, 0, 0, 0, 0, 0, 0, 0, 0, 0, 0, 0, 0, 0, 1, 0, 0, 0, 0, 0, 0, 1, 0, 0, 0, 0, 0, 0, 0, 0),
(293, 0, 0, 0, 0, 0, 0, 0, 0, 0, 0, 0, 0, 0, 0, 0, 0, 0, 0, 0, 0, 0, 0, 0, 0, 0, 0, 0, 0, 0, 0, 0, 0, 0);

-- --------------------------------------------------------

--
-- Table structure for table `fasilitas_internet`
--

CREATE TABLE `fasilitas_internet` (
  `idHotel` int(6) UNSIGNED NOT NULL,
  `koneksiLANSemuaKamar` tinyint(1) NOT NULL,
  `lobbyWiFi` tinyint(1) NOT NULL,
  `dialUp` tinyint(1) NOT NULL,
  `kabelLAN` tinyint(1) NOT NULL,
  `wirelessLAN` tinyint(1) NOT NULL,
  `rentalPC` tinyint(1) NOT NULL,
  `koneksiInternetGratis` tinyint(1) NOT NULL
) ENGINE=InnoDB DEFAULT CHARSET=latin1;

--
-- Dumping data for table `fasilitas_internet`
--

INSERT INTO `fasilitas_internet` (`idHotel`, `koneksiLANSemuaKamar`, `lobbyWiFi`, `dialUp`, `kabelLAN`, `wirelessLAN`, `rentalPC`, `koneksiInternetGratis`) VALUES
(1, 1, 1, 0, 0, 1, 0, 1),
(3, 1, 1, 0, 0, 0, 0, 1),
(4, 1, 1, 0, 0, 0, 0, 1),
(5, 1, 0, 0, 0, 0, 0, 1),
(6, 1, 1, 0, 0, 1, 0, 0),
(7, 1, 0, 1, 0, 1, 0, 0),
(9, 1, 1, 0, 0, 0, 0, 1),
(10, 1, 1, 0, 0, 1, 0, 0),
(11, 1, 1, 0, 0, 0, 0, 1),
(12, 1, 1, 0, 0, 1, 0, 1),
(13, 1, 1, 0, 0, 0, 0, 1),
(14, 1, 1, 0, 0, 1, 0, 0),
(15, 1, 1, 0, 0, 1, 0, 1),
(16, 1, 1, 0, 0, 1, 0, 1),
(17, 1, 1, 0, 0, 0, 0, 1),
(18, 1, 1, 0, 0, 1, 0, 0),
(19, 1, 1, 0, 0, 0, 0, 1),
(21, 1, 1, 0, 0, 0, 0, 1),
(22, 1, 1, 0, 0, 0, 0, 1),
(23, 1, 1, 0, 0, 0, 0, 1),
(24, 1, 1, 0, 0, 1, 0, 1),
(26, 1, 1, 0, 0, 1, 0, 0),
(27, 1, 1, 0, 0, 0, 0, 1),
(29, 1, 1, 0, 0, 1, 0, 1),
(30, 1, 1, 0, 0, 1, 0, 1),
(31, 1, 1, 0, 0, 1, 0, 0),
(33, 1, 1, 0, 0, 1, 0, 1),
(34, 1, 1, 0, 0, 0, 0, 1),
(35, 1, 1, 0, 0, 0, 0, 1),
(37, 1, 1, 0, 0, 0, 0, 1),
(38, 1, 0, 0, 0, 0, 0, 1),
(39, 1, 1, 0, 0, 0, 0, 1),
(41, 1, 1, 0, 0, 1, 0, 1),
(42, 1, 0, 0, 0, 0, 0, 1),
(43, 1, 1, 0, 0, 0, 0, 1),
(44, 1, 1, 0, 0, 1, 0, 0),
(46, 1, 1, 0, 0, 1, 0, 1),
(47, 1, 0, 0, 0, 0, 0, 1),
(49, 1, 1, 0, 0, 1, 0, 1),
(51, 1, 1, 0, 0, 0, 0, 1),
(52, 1, 1, 0, 0, 0, 0, 1),
(54, 1, 1, 0, 0, 0, 0, 1),
(55, 1, 0, 0, 0, 1, 0, 0),
(56, 1, 1, 0, 0, 1, 0, 1),
(57, 1, 1, 0, 0, 0, 0, 1),
(58, 1, 1, 0, 0, 1, 0, 1),
(60, 1, 1, 0, 0, 1, 0, 1),
(62, 1, 0, 0, 0, 1, 0, 1),
(64, 1, 1, 0, 0, 1, 0, 0),
(65, 1, 1, 0, 0, 0, 0, 1),
(67, 1, 1, 0, 0, 0, 0, 1),
(68, 1, 0, 0, 0, 0, 0, 1),
(69, 1, 0, 0, 0, 0, 0, 1),
(70, 1, 1, 0, 0, 0, 0, 1),
(71, 1, 1, 0, 0, 1, 0, 0),
(72, 1, 0, 0, 0, 1, 0, 1),
(73, 1, 1, 0, 0, 0, 0, 1),
(75, 1, 0, 0, 0, 0, 0, 1),
(77, 1, 0, 0, 0, 1, 0, 1),
(78, 1, 1, 0, 0, 0, 0, 1),
(79, 1, 1, 0, 0, 1, 0, 1),
(80, 1, 1, 0, 0, 1, 0, 1),
(81, 1, 0, 0, 0, 0, 0, 1),
(83, 1, 1, 0, 0, 0, 0, 1),
(85, 1, 0, 0, 0, 0, 0, 1),
(86, 1, 1, 0, 0, 1, 0, 1),
(87, 1, 1, 0, 0, 0, 0, 1),
(88, 1, 0, 0, 0, 0, 0, 1),
(91, 1, 0, 0, 0, 1, 0, 1),
(92, 1, 0, 0, 0, 0, 0, 1),
(93, 1, 0, 0, 0, 1, 0, 0),
(95, 1, 1, 0, 1, 1, 0, 1),
(97, 1, 1, 0, 0, 0, 0, 0),
(98, 1, 0, 0, 0, 0, 0, 1),
(99, 1, 1, 0, 0, 0, 0, 1),
(100, 1, 0, 0, 0, 0, 0, 1),
(101, 1, 0, 0, 0, 0, 0, 1),
(102, 1, 0, 0, 0, 0, 0, 1),
(104, 1, 1, 0, 0, 1, 0, 0),
(107, 1, 0, 0, 0, 0, 0, 1),
(108, 1, 1, 0, 0, 1, 0, 1),
(110, 1, 0, 0, 0, 0, 0, 1),
(111, 1, 1, 0, 0, 1, 0, 1),
(112, 1, 1, 0, 0, 1, 0, 1),
(116, 1, 1, 0, 0, 1, 0, 1),
(120, 1, 1, 0, 0, 0, 0, 1),
(121, 1, 0, 0, 0, 0, 0, 1),
(122, 1, 1, 0, 0, 0, 0, 1),
(124, 1, 1, 0, 0, 1, 0, 1),
(126, 1, 1, 0, 0, 1, 0, 0),
(127, 1, 0, 0, 0, 0, 0, 1),
(128, 1, 0, 0, 0, 0, 1, 1),
(129, 1, 1, 0, 0, 0, 0, 1),
(130, 1, 0, 0, 0, 0, 0, 1),
(131, 1, 1, 0, 0, 1, 0, 0),
(132, 1, 0, 0, 0, 1, 0, 1),
(133, 1, 0, 0, 0, 0, 0, 1),
(135, 1, 0, 0, 0, 0, 0, 1),
(136, 1, 1, 0, 0, 0, 0, 1),
(142, 1, 1, 0, 0, 1, 0, 0),
(143, 1, 1, 0, 0, 0, 0, 1),
(144, 1, 0, 0, 0, 0, 0, 1),
(146, 1, 1, 0, 0, 1, 0, 1),
(147, 1, 1, 0, 0, 1, 0, 0),
(148, 1, 0, 0, 0, 1, 0, 0),
(149, 1, 0, 0, 0, 1, 0, 1),
(151, 1, 1, 0, 0, 1, 0, 1),
(152, 1, 1, 0, 0, 1, 0, 1),
(153, 1, 0, 0, 0, 0, 0, 1),
(155, 1, 1, 0, 0, 1, 0, 0),
(158, 1, 1, 0, 0, 0, 0, 1),
(161, 1, 1, 0, 0, 1, 0, 1),
(162, 1, 0, 0, 0, 0, 0, 1),
(163, 1, 0, 0, 0, 0, 0, 1),
(164, 1, 0, 0, 0, 0, 1, 1),
(165, 1, 1, 0, 0, 1, 0, 0),
(167, 1, 1, 0, 0, 1, 0, 0),
(169, 1, 0, 0, 0, 0, 0, 1),
(170, 1, 0, 0, 0, 0, 0, 1),
(171, 1, 1, 0, 0, 0, 0, 1),
(172, 1, 0, 0, 0, 0, 1, 1),
(173, 1, 0, 0, 0, 0, 0, 1),
(174, 1, 0, 0, 0, 0, 0, 1),
(175, 1, 1, 0, 0, 1, 0, 0),
(176, 1, 0, 0, 0, 0, 0, 1),
(177, 1, 0, 0, 0, 0, 1, 1),
(180, 1, 0, 0, 0, 0, 0, 1),
(182, 1, 0, 0, 0, 0, 0, 1),
(184, 1, 0, 0, 0, 0, 1, 1),
(187, 1, 1, 0, 0, 0, 0, 1),
(188, 1, 0, 0, 0, 0, 1, 1),
(189, 1, 0, 0, 0, 0, 1, 1),
(193, 1, 1, 0, 0, 0, 0, 1),
(195, 1, 1, 0, 0, 0, 0, 1),
(196, 1, 1, 1, 0, 0, 0, 1),
(197, 1, 1, 0, 0, 0, 0, 1),
(198, 1, 1, 0, 0, 0, 0, 1),
(199, 1, 1, 0, 0, 0, 0, 1),
(200, 1, 0, 0, 0, 0, 0, 1),
(201, 1, 0, 0, 0, 0, 1, 1),
(202, 1, 0, 0, 0, 0, 1, 1),
(203, 1, 0, 0, 0, 0, 1, 1),
(204, 1, 1, 0, 0, 0, 0, 1),
(207, 1, 1, 0, 0, 0, 0, 1),
(208, 1, 1, 0, 0, 0, 0, 1),
(212, 1, 1, 0, 0, 0, 0, 1),
(213, 1, 1, 0, 0, 0, 0, 1),
(214, 1, 0, 0, 0, 0, 0, 0),
(219, 1, 0, 0, 0, 0, 0, 1),
(230, 1, 0, 0, 0, 1, 0, 1),
(234, 1, 1, 0, 0, 0, 0, 1),
(246, 1, 0, 0, 0, 0, 0, 1),
(248, 1, 0, 0, 0, 0, 0, 1),
(252, 1, 0, 0, 0, 0, 0, 1),
(254, 1, 1, 0, 0, 1, 0, 1),
(255, 1, 0, 0, 0, 0, 0, 1),
(256, 1, 0, 0, 0, 1, 0, 1),
(257, 1, 1, 0, 0, 1, 0, 1),
(259, 1, 1, 0, 0, 1, 0, 1),
(263, 1, 0, 0, 0, 0, 0, 1),
(270, 1, 1, 0, 0, 0, 0, 1),
(271, 1, 1, 0, 0, 0, 0, 1),
(272, 1, 0, 0, 0, 0, 1, 1),
(273, 1, 0, 0, 0, 0, 1, 1),
(275, 1, 1, 0, 0, 0, 0, 1),
(277, 1, 1, 0, 0, 0, 0, 1),
(278, 1, 0, 0, 0, 0, 0, 1),
(279, 1, 0, 0, 0, 1, 0, 1),
(280, 1, 0, 0, 0, 1, 0, 1),
(281, 1, 0, 0, 0, 1, 0, 1),
(282, 1, 0, 0, 0, 0, 0, 1),
(283, 1, 1, 0, 0, 0, 0, 1),
(284, 1, 1, 0, 0, 0, 0, 1),
(285, 1, 1, 0, 0, 0, 0, 1),
(286, 1, 1, 0, 0, 1, 0, 0),
(288, 1, 1, 0, 0, 0, 0, 1),
(289, 1, 1, 0, 0, 1, 0, 1),
(290, 1, 0, 0, 0, 0, 1, 1),
(291, 1, 1, 0, 0, 1, 0, 1),
(292, 1, 0, 0, 0, 0, 0, 1);

-- --------------------------------------------------------

--
-- Table structure for table `fasilitas_kamar`
--

CREATE TABLE `fasilitas_kamar` (
  `idHotel` int(6) UNSIGNED NOT NULL,
  `bathAndToilet` tinyint(1) NOT NULL,
  `shower` tinyint(1) NOT NULL,
  `bathub` tinyint(1) NOT NULL,
  `AC` tinyint(1) NOT NULL,
  `TV` tinyint(1) NOT NULL,
  `DVD` tinyint(1) NOT NULL,
  `BSBroadcast` tinyint(1) NOT NULL,
  `refrigerator` tinyint(1) NOT NULL,
  `miniBar` tinyint(1) NOT NULL,
  `kitchen` tinyint(1) NOT NULL,
  `trouserPress` tinyint(1) NOT NULL,
  `safetyBox` tinyint(1) NOT NULL,
  `faceHandTowel` tinyint(1) NOT NULL,
  `toothbrush` tinyint(1) NOT NULL,
  `bathTowel` tinyint(1) NOT NULL,
  `shampoo` tinyint(1) NOT NULL,
  `hairConditioner` tinyint(1) NOT NULL,
  `bodySoap` tinyint(1) NOT NULL,
  `soap` tinyint(1) NOT NULL,
  `pajamas` tinyint(1) NOT NULL,
  `bathrobe` tinyint(1) NOT NULL,
  `sandal` tinyint(1) NOT NULL,
  `hairDryer` tinyint(1) NOT NULL,
  `shaver` tinyint(1) NOT NULL,
  `showerCap` tinyint(1) NOT NULL,
  `cottonbud` tinyint(1) NOT NULL,
  `showerToilet` tinyint(1) NOT NULL,
  `comb` tinyint(1) NOT NULL
) ENGINE=InnoDB DEFAULT CHARSET=latin1;

--
-- Dumping data for table `fasilitas_kamar`
--

INSERT INTO `fasilitas_kamar` (`idHotel`, `bathAndToilet`, `shower`, `bathub`, `AC`, `TV`, `DVD`, `BSBroadcast`, `refrigerator`, `miniBar`, `kitchen`, `trouserPress`, `safetyBox`, `faceHandTowel`, `toothbrush`, `bathTowel`, `shampoo`, `hairConditioner`, `bodySoap`, `soap`, `pajamas`, `bathrobe`, `sandal`, `hairDryer`, `shaver`, `showerCap`, `cottonbud`, `showerToilet`, `comb`) VALUES
(1, 1, 1, 0, 1, 1, 0, 0, 0, 0, 0, 0, 0, 0, 1, 1, 1, 0, 1, 1, 0, 0, 1, 0, 0, 0, 0, 1, 0),
(2, 1, 1, 0, 1, 1, 0, 0, 0, 0, 0, 0, 1, 1, 1, 1, 1, 1, 1, 1, 1, 1, 1, 1, 1, 1, 1, 1, 1),
(3, 1, 1, 0, 1, 1, 0, 0, 0, 1, 0, 0, 1, 1, 1, 1, 1, 1, 1, 1, 0, 0, 1, 1, 0, 0, 0, 1, 0),
(4, 0, 1, 0, 1, 1, 0, 0, 0, 0, 0, 0, 1, 0, 1, 1, 1, 0, 1, 0, 0, 0, 1, 0, 0, 1, 1, 0, 0),
(5, 1, 1, 0, 1, 1, 0, 0, 1, 0, 0, 0, 1, 0, 1, 1, 1, 0, 1, 1, 0, 0, 1, 1, 0, 1, 0, 0, 0),
(6, 1, 1, 0, 1, 1, 0, 0, 1, 0, 0, 1, 1, 0, 1, 1, 1, 0, 1, 0, 0, 0, 1, 1, 0, 1, 0, 0, 1),
(7, 1, 0, 0, 1, 1, 0, 0, 0, 1, 0, 1, 1, 1, 1, 1, 1, 1, 1, 1, 0, 1, 1, 1, 1, 1, 1, 1, 1),
(8, 1, 0, 0, 0, 1, 0, 0, 0, 0, 0, 0, 0, 0, 0, 1, 0, 0, 0, 1, 0, 0, 0, 0, 0, 0, 0, 0, 0),
(9, 1, 1, 0, 1, 1, 0, 1, 0, 0, 0, 0, 1, 1, 1, 1, 1, 0, 1, 0, 0, 0, 1, 0, 0, 1, 0, 1, 0),
(10, 1, 1, 1, 0, 1, 0, 0, 1, 1, 0, 0, 0, 1, 1, 1, 1, 0, 1, 1, 0, 0, 1, 0, 0, 1, 0, 1, 0),
(11, 1, 1, 0, 1, 1, 0, 0, 0, 0, 0, 0, 0, 0, 1, 1, 1, 0, 1, 0, 0, 0, 0, 0, 0, 0, 0, 1, 0),
(12, 1, 1, 0, 0, 1, 0, 1, 0, 0, 0, 0, 0, 0, 1, 1, 1, 0, 1, 1, 0, 0, 0, 0, 0, 0, 0, 1, 0),
(13, 1, 1, 0, 0, 1, 0, 1, 0, 0, 0, 0, 0, 0, 1, 1, 1, 0, 1, 0, 0, 0, 1, 0, 0, 0, 0, 1, 0),
(14, 1, 0, 0, 1, 1, 0, 0, 1, 1, 0, 0, 1, 1, 1, 1, 1, 1, 1, 1, 0, 1, 1, 1, 1, 1, 1, 1, 1),
(15, 1, 1, 0, 0, 1, 0, 0, 0, 0, 0, 1, 0, 0, 1, 1, 1, 0, 1, 0, 0, 0, 0, 0, 0, 1, 0, 1, 0),
(16, 1, 1, 0, 1, 1, 0, 1, 1, 1, 0, 0, 1, 0, 1, 1, 1, 0, 1, 1, 0, 0, 1, 1, 0, 1, 1, 1, 1),
(17, 1, 0, 0, 1, 1, 0, 0, 1, 0, 0, 0, 1, 1, 1, 1, 1, 0, 1, 1, 0, 0, 1, 0, 0, 1, 0, 1, 0),
(18, 1, 1, 0, 0, 1, 0, 0, 1, 1, 0, 0, 0, 1, 1, 1, 1, 1, 1, 1, 0, 0, 1, 1, 1, 1, 1, 1, 1),
(19, 1, 1, 0, 1, 1, 0, 0, 1, 0, 0, 1, 1, 1, 1, 1, 1, 1, 1, 1, 0, 0, 1, 0, 0, 1, 1, 1, 1),
(20, 1, 0, 0, 1, 1, 0, 0, 0, 0, 0, 0, 0, 1, 1, 1, 1, 0, 1, 0, 0, 0, 0, 0, 0, 1, 0, 1, 0),
(21, 1, 1, 0, 1, 1, 0, 1, 0, 0, 0, 1, 1, 1, 1, 1, 1, 1, 1, 1, 0, 0, 1, 0, 0, 0, 0, 1, 0),
(22, 1, 1, 0, 1, 1, 0, 0, 1, 1, 0, 0, 1, 0, 1, 1, 1, 0, 1, 1, 0, 0, 1, 1, 0, 1, 0, 1, 0),
(23, 1, 1, 0, 1, 1, 0, 0, 1, 1, 0, 1, 1, 1, 1, 1, 1, 0, 1, 1, 0, 1, 1, 1, 1, 1, 0, 1, 1),
(24, 1, 1, 0, 1, 1, 0, 0, 0, 0, 0, 0, 0, 0, 0, 0, 0, 0, 1, 0, 0, 0, 0, 0, 0, 0, 0, 1, 0),
(25, 0, 1, 0, 0, 0, 0, 0, 0, 0, 0, 0, 0, 0, 0, 1, 1, 0, 1, 0, 0, 0, 0, 0, 0, 0, 0, 0, 0),
(26, 1, 1, 0, 1, 1, 1, 0, 1, 0, 0, 0, 0, 1, 1, 1, 1, 0, 0, 1, 0, 0, 1, 0, 0, 1, 1, 0, 0),
(27, 1, 1, 0, 0, 1, 0, 0, 0, 0, 0, 0, 0, 0, 0, 1, 0, 0, 1, 0, 0, 0, 0, 0, 0, 1, 0, 0, 0),
(28, 1, 1, 1, 0, 1, 0, 0, 0, 0, 0, 1, 1, 1, 1, 1, 1, 0, 1, 1, 0, 0, 1, 0, 0, 1, 0, 1, 0),
(29, 1, 1, 0, 1, 1, 0, 0, 0, 0, 0, 0, 1, 0, 1, 1, 1, 0, 1, 1, 0, 0, 1, 0, 0, 0, 0, 0, 1),
(30, 1, 1, 0, 1, 1, 0, 0, 0, 0, 0, 0, 0, 0, 1, 1, 1, 0, 0, 1, 0, 0, 1, 0, 0, 1, 0, 1, 0),
(31, 1, 1, 0, 0, 1, 0, 0, 0, 0, 0, 0, 0, 0, 0, 0, 0, 0, 0, 0, 0, 0, 0, 0, 0, 0, 0, 0, 0),
(32, 1, 1, 0, 1, 1, 0, 0, 0, 0, 0, 0, 0, 1, 1, 1, 1, 0, 1, 1, 0, 0, 0, 0, 0, 1, 0, 1, 0),
(33, 1, 1, 0, 1, 1, 0, 0, 0, 0, 0, 0, 0, 1, 1, 1, 1, 1, 1, 1, 0, 0, 1, 0, 0, 0, 0, 1, 0),
(34, 1, 1, 0, 1, 1, 0, 1, 0, 1, 0, 0, 0, 1, 1, 1, 1, 0, 1, 0, 0, 0, 1, 0, 0, 0, 0, 1, 0),
(35, 1, 1, 0, 0, 1, 0, 0, 0, 0, 0, 0, 0, 0, 0, 1, 0, 0, 1, 1, 0, 0, 0, 0, 0, 0, 0, 0, 0),
(36, 0, 1, 0, 1, 1, 0, 0, 0, 0, 0, 0, 0, 0, 1, 1, 1, 0, 1, 1, 0, 0, 0, 0, 0, 0, 0, 0, 0),
(37, 1, 0, 0, 1, 1, 0, 0, 1, 0, 0, 1, 1, 0, 1, 1, 1, 0, 1, 0, 0, 0, 1, 0, 0, 1, 0, 1, 0),
(38, 0, 1, 0, 1, 1, 0, 0, 0, 0, 0, 0, 0, 0, 0, 1, 1, 0, 1, 0, 0, 0, 0, 0, 0, 0, 0, 1, 0),
(39, 1, 1, 0, 0, 1, 0, 1, 1, 1, 1, 0, 0, 1, 1, 1, 1, 0, 1, 0, 0, 0, 0, 0, 0, 1, 0, 1, 0),
(40, 0, 0, 0, 0, 1, 0, 0, 0, 0, 0, 0, 0, 0, 0, 0, 0, 0, 0, 0, 0, 0, 0, 0, 0, 0, 0, 0, 0),
(41, 1, 1, 0, 1, 1, 0, 1, 0, 1, 0, 0, 1, 1, 1, 1, 1, 1, 1, 0, 0, 1, 1, 1, 1, 1, 1, 1, 1),
(42, 0, 1, 0, 1, 1, 0, 0, 0, 0, 0, 0, 0, 0, 0, 1, 1, 0, 1, 0, 0, 0, 0, 0, 0, 0, 0, 1, 0),
(43, 0, 0, 0, 0, 1, 0, 1, 1, 0, 0, 0, 0, 1, 1, 1, 1, 0, 1, 0, 0, 0, 0, 0, 0, 1, 1, 0, 0),
(44, 1, 1, 0, 1, 1, 0, 0, 0, 0, 0, 0, 1, 0, 1, 1, 1, 0, 1, 1, 0, 0, 1, 1, 1, 1, 1, 1, 0),
(45, 0, 1, 0, 1, 1, 0, 0, 0, 0, 0, 0, 0, 0, 1, 1, 1, 1, 1, 1, 0, 0, 0, 0, 0, 0, 0, 0, 0),
(46, 1, 1, 0, 0, 1, 0, 0, 1, 1, 0, 0, 0, 0, 0, 1, 0, 0, 1, 0, 0, 0, 0, 0, 0, 0, 0, 0, 0),
(47, 1, 1, 0, 1, 1, 0, 0, 0, 0, 0, 0, 0, 0, 0, 1, 1, 0, 1, 0, 0, 0, 0, 0, 0, 0, 0, 0, 0),
(48, 0, 0, 0, 1, 1, 0, 0, 0, 0, 0, 0, 0, 0, 1, 1, 1, 0, 1, 1, 0, 0, 1, 0, 0, 1, 0, 0, 0),
(49, 0, 1, 0, 0, 1, 0, 0, 0, 0, 0, 0, 0, 0, 0, 0, 0, 0, 1, 0, 0, 0, 0, 0, 0, 1, 0, 1, 0),
(50, 1, 1, 0, 0, 1, 0, 0, 0, 0, 0, 0, 0, 0, 1, 0, 1, 1, 1, 1, 0, 0, 0, 0, 0, 0, 0, 0, 0),
(51, 1, 1, 0, 1, 1, 0, 1, 0, 0, 0, 0, 0, 0, 1, 1, 1, 0, 1, 1, 0, 0, 1, 0, 0, 0, 0, 1, 0),
(52, 1, 1, 0, 1, 1, 0, 0, 0, 0, 0, 0, 1, 0, 1, 1, 1, 1, 1, 0, 0, 0, 1, 1, 0, 1, 0, 1, 1),
(53, 1, 1, 0, 1, 1, 0, 0, 1, 0, 0, 0, 1, 1, 1, 1, 1, 1, 1, 1, 0, 0, 1, 1, 0, 0, 0, 1, 0),
(54, 1, 1, 0, 1, 1, 0, 1, 0, 0, 0, 0, 0, 0, 1, 1, 1, 0, 1, 1, 0, 0, 0, 0, 0, 0, 0, 1, 0),
(55, 1, 1, 0, 1, 1, 0, 0, 0, 0, 0, 0, 0, 0, 0, 1, 1, 0, 1, 0, 0, 0, 0, 0, 0, 0, 0, 0, 0),
(56, 1, 1, 0, 0, 0, 0, 0, 0, 0, 0, 0, 0, 1, 1, 1, 1, 0, 1, 0, 0, 0, 0, 0, 0, 0, 0, 0, 0),
(57, 1, 1, 0, 1, 1, 0, 0, 0, 0, 0, 0, 0, 0, 1, 1, 0, 0, 0, 0, 0, 0, 1, 0, 0, 0, 0, 1, 0),
(58, 1, 1, 0, 0, 1, 0, 1, 0, 0, 0, 0, 0, 0, 1, 1, 1, 0, 1, 1, 0, 0, 0, 0, 0, 0, 0, 1, 0),
(59, 1, 1, 0, 0, 1, 0, 0, 0, 0, 0, 0, 0, 1, 1, 1, 1, 0, 1, 1, 0, 0, 0, 0, 0, 0, 0, 0, 0),
(60, 1, 1, 0, 1, 1, 0, 0, 0, 0, 0, 0, 0, 1, 1, 1, 1, 0, 1, 1, 0, 0, 0, 0, 0, 0, 0, 1, 0),
(61, 1, 1, 0, 1, 1, 0, 0, 0, 0, 0, 0, 0, 0, 1, 0, 1, 0, 1, 0, 0, 0, 0, 0, 0, 0, 0, 0, 0),
(62, 1, 1, 0, 1, 1, 0, 0, 0, 0, 0, 0, 0, 0, 1, 1, 1, 0, 1, 0, 0, 0, 0, 0, 0, 0, 0, 0, 0),
(63, 1, 0, 0, 0, 0, 0, 0, 0, 0, 0, 0, 0, 0, 0, 0, 0, 0, 0, 0, 0, 0, 0, 0, 0, 0, 0, 0, 0),
(64, 1, 1, 0, 1, 1, 0, 0, 0, 0, 0, 0, 0, 0, 1, 1, 1, 0, 1, 1, 0, 0, 0, 0, 0, 0, 0, 0, 0),
(65, 1, 0, 0, 1, 1, 0, 1, 0, 0, 0, 0, 1, 1, 1, 1, 1, 1, 1, 1, 0, 0, 1, 0, 0, 0, 0, 0, 1),
(66, 1, 1, 0, 1, 1, 0, 0, 0, 0, 0, 0, 0, 0, 1, 1, 1, 1, 1, 1, 0, 0, 0, 0, 0, 0, 0, 0, 0),
(67, 1, 1, 0, 1, 1, 0, 0, 0, 0, 0, 0, 1, 0, 1, 1, 0, 0, 1, 0, 0, 0, 1, 0, 0, 0, 0, 1, 0),
(68, 0, 1, 0, 1, 1, 0, 0, 0, 0, 0, 0, 0, 0, 1, 1, 1, 0, 1, 0, 0, 0, 0, 0, 0, 0, 0, 0, 0),
(69, 1, 1, 0, 1, 0, 0, 0, 0, 0, 0, 0, 0, 0, 0, 1, 1, 0, 1, 0, 0, 0, 0, 0, 0, 0, 0, 0, 0),
(70, 1, 1, 0, 1, 1, 0, 0, 0, 0, 0, 0, 0, 0, 1, 1, 1, 0, 1, 0, 0, 0, 1, 0, 0, 1, 0, 1, 0),
(71, 1, 1, 0, 0, 1, 0, 0, 0, 0, 0, 0, 0, 0, 0, 1, 1, 0, 1, 0, 0, 0, 0, 0, 0, 0, 0, 0, 0),
(72, 1, 1, 0, 1, 1, 0, 0, 0, 0, 0, 0, 0, 0, 0, 1, 1, 0, 1, 0, 0, 0, 0, 0, 0, 0, 0, 1, 0),
(73, 1, 1, 0, 1, 1, 0, 0, 1, 1, 0, 0, 1, 0, 1, 1, 1, 1, 1, 0, 0, 1, 1, 1, 1, 1, 1, 1, 1),
(74, 1, 1, 0, 0, 1, 0, 0, 0, 0, 0, 0, 0, 0, 0, 1, 0, 0, 0, 0, 0, 0, 0, 0, 0, 0, 0, 0, 0),
(75, 1, 1, 0, 1, 1, 0, 0, 0, 0, 0, 0, 0, 0, 0, 1, 1, 0, 1, 0, 0, 0, 0, 0, 0, 0, 0, 0, 0),
(76, 1, 1, 0, 1, 1, 0, 0, 0, 0, 0, 0, 0, 0, 0, 0, 1, 0, 1, 0, 0, 0, 0, 0, 0, 0, 0, 0, 0),
(77, 1, 0, 0, 0, 1, 0, 0, 0, 0, 0, 0, 0, 0, 0, 0, 0, 0, 0, 0, 0, 0, 0, 0, 0, 0, 0, 0, 0),
(78, 1, 1, 0, 1, 1, 0, 1, 0, 0, 0, 0, 0, 1, 1, 1, 1, 1, 1, 1, 0, 0, 0, 0, 0, 0, 0, 1, 0),
(79, 1, 1, 0, 1, 1, 0, 0, 0, 0, 0, 0, 0, 0, 0, 1, 1, 0, 1, 0, 0, 0, 0, 0, 0, 0, 0, 1, 0),
(80, 1, 1, 0, 1, 1, 0, 0, 0, 0, 0, 0, 0, 0, 1, 1, 1, 0, 1, 1, 0, 0, 0, 0, 0, 0, 0, 0, 0),
(81, 1, 1, 0, 1, 1, 0, 0, 0, 0, 0, 0, 0, 0, 0, 1, 1, 0, 1, 0, 0, 0, 0, 0, 0, 0, 0, 0, 0),
(82, 1, 1, 0, 0, 0, 0, 0, 0, 0, 0, 0, 0, 0, 1, 1, 1, 0, 1, 0, 0, 0, 0, 0, 0, 0, 0, 0, 0),
(83, 0, 1, 0, 1, 1, 0, 0, 0, 0, 0, 0, 1, 0, 1, 1, 1, 0, 1, 0, 0, 0, 1, 1, 0, 1, 0, 1, 1),
(84, 0, 0, 0, 0, 1, 0, 0, 0, 0, 1, 0, 0, 0, 0, 0, 0, 0, 0, 0, 0, 0, 0, 0, 0, 0, 0, 1, 1),
(85, 1, 1, 0, 1, 1, 0, 0, 0, 0, 0, 0, 0, 0, 0, 1, 1, 0, 1, 0, 0, 0, 0, 0, 0, 0, 0, 0, 0),
(86, 1, 1, 0, 0, 0, 0, 0, 1, 0, 0, 0, 0, 1, 0, 1, 1, 0, 0, 0, 0, 1, 0, 0, 0, 0, 0, 1, 0),
(87, 1, 1, 0, 1, 1, 0, 1, 0, 0, 0, 0, 0, 0, 1, 1, 1, 0, 1, 1, 0, 0, 0, 0, 0, 0, 0, 1, 0),
(88, 0, 1, 0, 1, 1, 0, 0, 0, 0, 0, 0, 0, 0, 0, 1, 1, 0, 1, 0, 0, 0, 0, 0, 0, 0, 0, 1, 0),
(89, 1, 1, 0, 1, 1, 0, 0, 0, 0, 0, 0, 0, 0, 1, 1, 1, 1, 1, 1, 0, 0, 0, 0, 0, 0, 0, 0, 0),
(90, 1, 1, 0, 0, 1, 0, 0, 0, 0, 0, 0, 0, 0, 0, 1, 0, 0, 1, 0, 0, 0, 0, 0, 0, 0, 0, 1, 0),
(91, 1, 1, 0, 0, 1, 0, 0, 0, 0, 0, 0, 0, 0, 0, 0, 0, 0, 0, 0, 0, 0, 0, 0, 0, 0, 0, 0, 0),
(92, 1, 0, 0, 0, 1, 0, 0, 0, 0, 0, 0, 0, 0, 0, 0, 0, 0, 0, 0, 0, 0, 0, 0, 0, 0, 0, 0, 0),
(93, 1, 1, 0, 0, 1, 0, 0, 0, 0, 0, 0, 0, 0, 0, 1, 0, 0, 1, 0, 0, 0, 0, 0, 0, 0, 0, 0, 0),
(94, 1, 1, 0, 1, 1, 0, 0, 0, 0, 0, 0, 0, 0, 1, 0, 1, 0, 1, 1, 0, 0, 0, 0, 0, 0, 0, 0, 0),
(95, 1, 1, 1, 1, 1, 1, 1, 1, 1, 0, 1, 1, 1, 1, 1, 1, 1, 1, 1, 0, 1, 1, 1, 0, 1, 1, 1, 0),
(96, 0, 0, 0, 0, 1, 0, 0, 1, 0, 0, 0, 0, 0, 0, 1, 0, 0, 1, 1, 0, 0, 1, 0, 0, 0, 0, 1, 0),
(97, 1, 1, 0, 0, 1, 0, 0, 1, 0, 0, 0, 0, 0, 1, 1, 1, 0, 1, 0, 0, 0, 0, 0, 0, 1, 0, 0, 0),
(98, 1, 1, 0, 1, 1, 0, 0, 0, 0, 0, 0, 0, 0, 0, 1, 1, 0, 1, 0, 0, 0, 0, 0, 0, 0, 0, 0, 0),
(99, 0, 0, 0, 0, 0, 0, 0, 0, 0, 0, 0, 0, 0, 0, 1, 0, 0, 1, 0, 0, 0, 0, 0, 0, 0, 0, 0, 0),
(100, 0, 1, 0, 1, 1, 0, 0, 0, 0, 0, 0, 0, 0, 0, 1, 1, 0, 1, 0, 0, 0, 0, 0, 0, 0, 0, 1, 0),
(101, 0, 1, 0, 1, 1, 0, 0, 0, 0, 0, 0, 0, 0, 1, 1, 1, 0, 1, 0, 0, 0, 0, 0, 0, 0, 0, 0, 0),
(102, 1, 1, 0, 1, 1, 0, 0, 0, 0, 0, 0, 0, 0, 0, 1, 1, 0, 1, 0, 0, 0, 0, 0, 0, 0, 0, 0, 0),
(103, 1, 1, 0, 0, 1, 1, 1, 1, 0, 0, 0, 0, 1, 0, 1, 0, 0, 0, 0, 0, 0, 1, 0, 0, 0, 1, 1, 0),
(104, 1, 1, 1, 0, 1, 0, 0, 0, 0, 0, 0, 0, 0, 0, 1, 0, 1, 0, 0, 0, 0, 0, 0, 0, 0, 0, 0, 0),
(105, 0, 0, 0, 0, 0, 0, 0, 0, 0, 0, 0, 0, 0, 1, 0, 1, 0, 1, 1, 0, 0, 0, 0, 0, 0, 0, 0, 0),
(106, 1, 0, 0, 0, 1, 0, 0, 0, 0, 0, 0, 0, 0, 1, 1, 1, 1, 1, 0, 0, 1, 1, 0, 0, 0, 0, 1, 0),
(107, 1, 1, 0, 1, 1, 0, 0, 0, 0, 0, 0, 0, 0, 0, 1, 1, 0, 1, 0, 0, 0, 0, 0, 0, 0, 0, 0, 0),
(108, 1, 1, 0, 1, 1, 0, 1, 0, 0, 0, 0, 0, 0, 1, 1, 1, 0, 1, 0, 0, 0, 0, 0, 0, 0, 0, 1, 1),
(109, 0, 1, 0, 0, 0, 0, 0, 1, 0, 0, 0, 0, 1, 0, 0, 0, 0, 1, 1, 0, 0, 0, 0, 0, 0, 0, 1, 0),
(110, 1, 1, 0, 1, 1, 0, 0, 0, 0, 0, 0, 0, 0, 0, 1, 1, 0, 1, 0, 0, 0, 0, 0, 0, 0, 0, 0, 0),
(111, 1, 1, 0, 0, 1, 0, 1, 0, 0, 0, 0, 0, 0, 0, 1, 0, 0, 1, 0, 0, 0, 0, 0, 0, 0, 0, 1, 0),
(112, 1, 1, 0, 0, 1, 0, 0, 0, 0, 0, 0, 0, 1, 1, 1, 1, 1, 1, 1, 0, 0, 1, 0, 0, 0, 0, 0, 0),
(113, 1, 1, 0, 1, 1, 0, 0, 0, 0, 0, 0, 0, 1, 1, 1, 1, 0, 1, 1, 0, 0, 0, 0, 0, 0, 0, 0, 0),
(114, 1, 1, 0, 1, 1, 0, 0, 0, 0, 0, 0, 0, 0, 1, 0, 1, 0, 1, 1, 0, 0, 0, 0, 0, 0, 0, 0, 0),
(115, 1, 1, 0, 0, 1, 0, 0, 0, 0, 0, 0, 0, 0, 0, 1, 0, 0, 0, 0, 0, 0, 0, 0, 0, 0, 0, 0, 0),
(116, 1, 1, 0, 1, 1, 0, 0, 0, 0, 0, 0, 0, 1, 1, 1, 1, 0, 1, 1, 0, 0, 0, 0, 0, 0, 0, 0, 0),
(117, 0, 1, 0, 0, 1, 0, 0, 0, 0, 0, 0, 0, 0, 0, 0, 0, 0, 0, 0, 0, 0, 0, 0, 0, 0, 0, 0, 0),
(118, 1, 1, 0, 0, 1, 0, 0, 0, 0, 1, 0, 0, 1, 1, 1, 1, 0, 1, 1, 0, 0, 0, 0, 0, 0, 0, 1, 1),
(119, 1, 1, 0, 0, 1, 0, 0, 0, 0, 0, 0, 0, 1, 1, 1, 1, 1, 1, 1, 0, 0, 0, 0, 0, 0, 0, 0, 0),
(120, 1, 1, 0, 1, 1, 0, 0, 0, 0, 0, 0, 0, 1, 1, 1, 1, 0, 1, 1, 0, 0, 0, 0, 0, 0, 0, 0, 0),
(121, 1, 1, 0, 1, 1, 0, 0, 0, 0, 0, 0, 0, 0, 0, 1, 1, 0, 1, 0, 0, 0, 0, 0, 0, 0, 0, 0, 0),
(122, 1, 1, 0, 1, 1, 0, 0, 0, 0, 0, 0, 0, 0, 1, 1, 1, 0, 1, 1, 0, 0, 0, 0, 0, 0, 0, 1, 0),
(123, 1, 1, 0, 0, 0, 0, 0, 0, 0, 0, 0, 0, 0, 0, 1, 0, 0, 1, 1, 0, 0, 0, 0, 0, 0, 0, 1, 0),
(124, 1, 1, 0, 1, 1, 0, 0, 0, 0, 0, 0, 0, 0, 1, 1, 1, 0, 1, 1, 0, 0, 1, 0, 0, 0, 0, 1, 0),
(125, 1, 1, 0, 0, 1, 0, 0, 1, 0, 0, 0, 0, 0, 0, 1, 1, 0, 1, 0, 0, 0, 0, 0, 0, 0, 0, 1, 0),
(126, 1, 0, 0, 1, 1, 0, 0, 1, 0, 0, 0, 0, 0, 1, 0, 0, 0, 1, 0, 0, 0, 0, 0, 0, 0, 0, 0, 0),
(127, 1, 1, 0, 1, 1, 0, 0, 0, 0, 0, 0, 0, 0, 0, 1, 1, 0, 1, 0, 0, 0, 0, 0, 0, 0, 0, 0, 0),
(129, 1, 1, 0, 1, 1, 0, 1, 0, 0, 0, 0, 0, 0, 1, 1, 0, 0, 1, 1, 0, 0, 0, 0, 0, 0, 0, 1, 0),
(130, 1, 1, 0, 1, 1, 0, 0, 0, 0, 0, 0, 0, 0, 0, 1, 1, 0, 1, 0, 0, 0, 0, 0, 0, 0, 0, 0, 0),
(131, 1, 1, 0, 1, 1, 0, 0, 0, 0, 0, 0, 0, 0, 0, 0, 0, 0, 0, 0, 0, 0, 0, 0, 0, 0, 0, 0, 0),
(132, 1, 1, 0, 1, 1, 0, 0, 0, 0, 0, 0, 0, 0, 0, 1, 1, 0, 1, 1, 0, 0, 0, 0, 0, 0, 0, 0, 0),
(133, 0, 0, 0, 0, 1, 0, 0, 0, 0, 0, 0, 0, 0, 0, 1, 0, 0, 1, 1, 0, 0, 0, 0, 0, 0, 0, 1, 0),
(134, 1, 0, 0, 0, 1, 0, 0, 0, 0, 0, 0, 0, 0, 0, 0, 0, 0, 0, 0, 0, 0, 0, 0, 0, 0, 0, 0, 0),
(135, 1, 1, 0, 0, 1, 0, 0, 0, 0, 0, 0, 0, 0, 0, 1, 1, 0, 1, 0, 0, 0, 0, 0, 0, 0, 0, 0, 0),
(136, 0, 1, 0, 0, 1, 0, 0, 0, 0, 0, 0, 0, 1, 1, 1, 1, 0, 1, 0, 0, 0, 0, 0, 0, 0, 0, 1, 0),
(137, 0, 1, 0, 1, 1, 0, 0, 0, 0, 0, 0, 0, 0, 0, 0, 1, 1, 1, 0, 0, 0, 0, 0, 0, 0, 0, 0, 0),
(138, 1, 1, 0, 1, 1, 0, 0, 0, 0, 0, 0, 0, 0, 0, 1, 1, 0, 1, 0, 0, 0, 0, 0, 0, 0, 0, 0, 0),
(139, 0, 0, 0, 0, 1, 0, 0, 0, 0, 0, 0, 0, 0, 0, 0, 0, 0, 0, 0, 0, 0, 0, 0, 0, 0, 0, 0, 0),
(140, 1, 0, 0, 0, 1, 0, 0, 0, 0, 0, 0, 0, 0, 0, 0, 0, 0, 0, 0, 0, 0, 0, 0, 0, 0, 0, 0, 0),
(141, 0, 0, 0, 0, 1, 0, 0, 1, 0, 0, 0, 0, 0, 0, 0, 0, 0, 0, 0, 0, 0, 0, 0, 0, 0, 0, 0, 0),
(142, 1, 0, 0, 1, 1, 0, 0, 0, 0, 0, 0, 0, 0, 1, 0, 0, 0, 1, 0, 0, 0, 0, 0, 0, 0, 0, 0, 0),
(143, 1, 1, 0, 0, 1, 0, 0, 0, 0, 0, 0, 0, 0, 0, 0, 0, 0, 0, 0, 0, 0, 0, 0, 0, 0, 0, 1, 0),
(144, 1, 1, 0, 1, 1, 0, 0, 0, 0, 0, 0, 0, 0, 1, 1, 1, 0, 1, 0, 0, 0, 0, 0, 0, 0, 0, 0, 0),
(145, 1, 1, 0, 0, 1, 0, 0, 1, 0, 1, 0, 0, 0, 0, 1, 1, 0, 1, 0, 0, 0, 0, 1, 0, 0, 0, 1, 0),
(146, 1, 1, 0, 1, 1, 0, 1, 0, 0, 0, 0, 0, 0, 1, 1, 1, 0, 1, 0, 0, 0, 0, 0, 0, 0, 0, 1, 0),
(147, 1, 0, 0, 0, 1, 0, 0, 0, 0, 0, 0, 0, 0, 0, 1, 1, 0, 1, 1, 0, 0, 0, 0, 0, 0, 0, 0, 0),
(148, 1, 1, 0, 1, 1, 0, 0, 1, 0, 0, 0, 0, 0, 1, 1, 1, 0, 1, 0, 0, 0, 0, 0, 0, 0, 0, 0, 0),
(149, 1, 1, 0, 1, 1, 1, 0, 0, 0, 0, 0, 0, 0, 1, 0, 0, 0, 1, 1, 0, 0, 0, 0, 0, 0, 0, 0, 0),
(150, 1, 1, 0, 1, 1, 0, 0, 0, 0, 0, 0, 0, 1, 1, 1, 1, 0, 1, 1, 0, 0, 0, 0, 0, 0, 0, 0, 0),
(151, 1, 1, 0, 1, 1, 0, 1, 1, 0, 1, 0, 0, 1, 0, 1, 0, 0, 1, 1, 0, 1, 1, 0, 0, 1, 0, 1, 0),
(152, 1, 1, 0, 1, 1, 0, 0, 0, 0, 0, 0, 0, 0, 1, 1, 1, 0, 1, 1, 0, 0, 0, 0, 0, 0, 0, 1, 0),
(153, 1, 1, 0, 1, 1, 0, 0, 0, 0, 0, 0, 0, 0, 0, 1, 1, 0, 1, 0, 0, 0, 0, 0, 0, 0, 0, 0, 0),
(154, 1, 0, 0, 0, 1, 0, 0, 0, 0, 0, 0, 0, 1, 0, 0, 0, 0, 0, 0, 0, 0, 0, 0, 0, 0, 0, 0, 0),
(155, 1, 1, 0, 1, 1, 0, 0, 0, 0, 0, 0, 0, 0, 0, 1, 1, 0, 0, 1, 0, 0, 0, 0, 0, 0, 0, 1, 0),
(156, 0, 0, 0, 0, 1, 0, 0, 0, 0, 0, 0, 0, 0, 0, 1, 0, 0, 1, 0, 0, 0, 0, 0, 0, 0, 0, 0, 0),
(157, 1, 1, 0, 0, 1, 0, 0, 0, 0, 0, 0, 0, 0, 0, 0, 1, 0, 1, 0, 0, 0, 0, 0, 0, 0, 0, 0, 0),
(158, 1, 0, 0, 0, 1, 0, 0, 0, 0, 0, 0, 0, 0, 0, 0, 0, 0, 0, 1, 0, 0, 0, 0, 0, 0, 0, 0, 0),
(159, 0, 0, 0, 0, 1, 0, 1, 0, 1, 0, 0, 0, 1, 1, 1, 1, 0, 1, 0, 0, 0, 1, 0, 0, 0, 0, 1, 0),
(160, 1, 1, 0, 1, 1, 0, 0, 0, 0, 0, 0, 0, 0, 0, 1, 1, 0, 1, 0, 0, 0, 0, 0, 0, 0, 0, 0, 0),
(161, 1, 1, 0, 1, 1, 0, 0, 0, 0, 0, 0, 1, 0, 1, 1, 1, 0, 1, 1, 0, 0, 0, 0, 0, 0, 0, 1, 0),
(162, 0, 0, 0, 0, 1, 0, 0, 0, 0, 0, 0, 0, 0, 0, 0, 0, 0, 0, 1, 0, 0, 0, 0, 0, 0, 0, 0, 0),
(163, 1, 1, 0, 1, 1, 0, 0, 0, 0, 0, 0, 0, 0, 0, 1, 1, 0, 1, 0, 0, 0, 0, 0, 0, 0, 0, 0, 0),
(165, 0, 0, 0, 0, 1, 0, 0, 0, 0, 0, 0, 0, 0, 0, 0, 0, 0, 0, 0, 0, 0, 0, 0, 0, 0, 0, 0, 0),
(166, 0, 0, 0, 0, 1, 0, 0, 0, 0, 0, 0, 0, 0, 0, 0, 0, 0, 0, 0, 0, 0, 0, 0, 0, 0, 0, 0, 0),
(167, 1, 1, 0, 0, 1, 0, 0, 0, 0, 0, 0, 0, 0, 0, 1, 1, 0, 1, 1, 0, 0, 0, 0, 0, 0, 0, 0, 0),
(168, 0, 0, 0, 0, 0, 0, 0, 0, 0, 0, 0, 0, 0, 0, 0, 0, 0, 0, 0, 0, 0, 0, 0, 0, 0, 0, 0, 0),
(169, 1, 1, 0, 1, 1, 0, 0, 0, 0, 0, 0, 0, 0, 0, 1, 1, 0, 1, 0, 0, 0, 0, 0, 0, 0, 0, 0, 0),
(170, 1, 1, 0, 1, 1, 0, 0, 1, 0, 0, 0, 0, 0, 1, 1, 1, 0, 1, 0, 0, 0, 0, 0, 0, 0, 0, 0, 0),
(171, 0, 0, 0, 0, 1, 0, 1, 1, 0, 0, 0, 0, 0, 0, 0, 0, 0, 0, 0, 0, 0, 0, 0, 0, 0, 0, 0, 0),
(173, 0, 0, 0, 0, 0, 0, 0, 0, 0, 0, 0, 0, 0, 0, 0, 0, 0, 0, 0, 0, 0, 0, 0, 0, 0, 0, 0, 0),
(174, 1, 1, 0, 1, 1, 0, 0, 0, 0, 0, 0, 0, 0, 0, 1, 1, 0, 1, 0, 0, 0, 0, 0, 0, 0, 0, 0, 0),
(175, 0, 0, 0, 0, 1, 0, 0, 0, 0, 0, 0, 0, 0, 0, 1, 0, 0, 0, 0, 0, 0, 0, 0, 0, 0, 0, 0, 0),
(176, 1, 1, 0, 1, 1, 0, 0, 0, 0, 0, 0, 0, 0, 0, 1, 1, 0, 1, 0, 0, 0, 0, 0, 0, 0, 0, 0, 0),
(178, 1, 1, 0, 0, 1, 0, 0, 0, 0, 1, 0, 0, 0, 0, 0, 1, 0, 1, 0, 0, 0, 0, 0, 0, 0, 0, 0, 0),
(179, 0, 1, 0, 1, 1, 0, 0, 0, 0, 0, 0, 0, 0, 1, 0, 1, 1, 1, 1, 0, 0, 0, 0, 0, 0, 0, 0, 0),
(180, 1, 1, 0, 1, 1, 0, 0, 0, 0, 0, 0, 0, 0, 0, 1, 0, 0, 1, 0, 0, 0, 0, 0, 0, 0, 0, 0, 0),
(181, 1, 1, 0, 1, 1, 0, 0, 0, 0, 0, 0, 0, 0, 0, 0, 1, 0, 1, 0, 0, 0, 0, 0, 0, 0, 0, 0, 0),
(182, 1, 1, 0, 1, 1, 0, 0, 0, 0, 0, 0, 0, 0, 0, 1, 1, 0, 1, 0, 0, 0, 0, 0, 0, 0, 0, 0, 0),
(183, 1, 1, 0, 0, 1, 0, 0, 0, 0, 0, 0, 0, 0, 1, 1, 1, 1, 1, 1, 0, 0, 0, 0, 0, 0, 0, 0, 0),
(185, 1, 0, 0, 0, 1, 0, 0, 0, 0, 0, 0, 0, 0, 0, 0, 0, 0, 0, 0, 0, 0, 0, 0, 0, 0, 0, 0, 0),
(186, 1, 1, 0, 1, 1, 0, 0, 0, 0, 0, 0, 0, 0, 1, 1, 1, 0, 1, 1, 0, 0, 0, 0, 0, 0, 0, 0, 0),
(187, 0, 1, 0, 0, 1, 0, 0, 1, 0, 0, 0, 0, 0, 0, 0, 0, 0, 0, 0, 0, 0, 0, 0, 0, 0, 0, 0, 0),
(190, 1, 1, 0, 0, 1, 0, 0, 0, 0, 0, 0, 0, 0, 0, 1, 0, 0, 1, 1, 0, 0, 0, 0, 0, 0, 0, 1, 0),
(191, 0, 1, 0, 0, 1, 0, 0, 1, 0, 1, 0, 0, 0, 1, 1, 1, 1, 1, 1, 0, 1, 1, 0, 0, 0, 0, 1, 0),
(192, 0, 0, 0, 0, 1, 0, 0, 0, 0, 0, 0, 0, 0, 0, 0, 0, 0, 0, 0, 0, 0, 0, 0, 0, 0, 0, 0, 0),
(193, 0, 1, 0, 0, 1, 0, 0, 0, 0, 0, 0, 0, 0, 0, 1, 0, 1, 0, 0, 0, 0, 0, 0, 0, 0, 0, 0, 0),
(194, 0, 0, 0, 0, 1, 0, 0, 1, 0, 0, 0, 0, 0, 0, 0, 0, 0, 0, 0, 0, 0, 0, 0, 0, 0, 0, 0, 0),
(195, 1, 1, 0, 0, 1, 0, 0, 0, 0, 0, 0, 0, 1, 1, 1, 1, 0, 1, 1, 0, 0, 0, 0, 0, 0, 0, 0, 0),
(196, 1, 1, 0, 1, 1, 0, 0, 0, 0, 0, 0, 1, 1, 1, 1, 1, 0, 1, 0, 0, 0, 1, 0, 0, 1, 0, 1, 1),
(197, 1, 0, 0, 1, 1, 0, 0, 0, 0, 0, 1, 0, 0, 0, 0, 0, 0, 1, 0, 0, 0, 0, 0, 0, 1, 0, 1, 0),
(198, 1, 1, 0, 1, 1, 0, 0, 0, 0, 0, 0, 0, 0, 1, 1, 1, 1, 1, 0, 0, 0, 0, 0, 0, 0, 0, 0, 0),
(199, 1, 1, 0, 1, 1, 0, 0, 0, 0, 0, 0, 0, 0, 0, 1, 1, 0, 1, 0, 0, 0, 0, 0, 0, 0, 0, 1, 0),
(200, 1, 1, 0, 0, 1, 0, 0, 0, 0, 0, 0, 0, 0, 0, 0, 0, 0, 0, 0, 0, 0, 0, 0, 0, 0, 0, 0, 0),
(204, 1, 1, 0, 1, 1, 0, 0, 0, 0, 0, 0, 0, 0, 0, 0, 0, 0, 0, 0, 0, 0, 0, 0, 0, 0, 0, 0, 0),
(205, 0, 1, 0, 1, 1, 0, 0, 0, 0, 1, 0, 0, 1, 1, 1, 1, 0, 1, 0, 0, 0, 1, 0, 1, 0, 0, 1, 1),
(206, 0, 1, 0, 0, 1, 0, 0, 0, 0, 0, 0, 0, 0, 0, 0, 0, 0, 0, 0, 0, 0, 0, 0, 0, 0, 0, 1, 0),
(207, 1, 1, 0, 0, 1, 0, 0, 1, 1, 1, 0, 0, 0, 0, 0, 0, 0, 0, 0, 0, 0, 0, 0, 0, 0, 0, 0, 0),
(208, 1, 1, 0, 1, 1, 1, 1, 1, 1, 0, 1, 1, 0, 1, 1, 0, 0, 1, 0, 0, 0, 1, 0, 0, 0, 0, 1, 1),
(209, 1, 1, 0, 0, 1, 0, 0, 1, 0, 1, 0, 0, 0, 0, 0, 0, 0, 0, 0, 0, 0, 0, 0, 0, 0, 0, 1, 0),
(210, 0, 1, 0, 1, 1, 1, 0, 0, 0, 0, 0, 1, 0, 0, 0, 0, 0, 0, 0, 0, 0, 0, 0, 0, 0, 0, 0, 0),
(211, 0, 1, 0, 0, 1, 0, 0, 0, 0, 1, 0, 0, 0, 0, 1, 0, 0, 0, 0, 0, 0, 0, 0, 0, 0, 0, 1, 0),
(212, 0, 0, 0, 0, 1, 0, 0, 0, 0, 0, 0, 0, 0, 0, 0, 0, 0, 0, 0, 0, 0, 0, 0, 0, 0, 0, 0, 0),
(213, 0, 0, 0, 0, 0, 0, 0, 0, 0, 0, 0, 0, 0, 0, 0, 0, 0, 0, 0, 0, 0, 0, 0, 0, 0, 0, 0, 0),
(214, 1, 1, 0, 0, 1, 1, 0, 1, 0, 0, 1, 1, 0, 0, 1, 0, 0, 0, 0, 0, 0, 0, 1, 0, 0, 0, 0, 0),
(215, 0, 0, 0, 0, 0, 0, 0, 0, 0, 0, 0, 0, 0, 0, 0, 0, 0, 0, 0, 0, 0, 0, 0, 0, 0, 0, 0, 0),
(216, 0, 0, 0, 0, 1, 0, 0, 0, 0, 0, 0, 0, 0, 0, 0, 0, 0, 0, 0, 0, 0, 0, 0, 0, 0, 0, 0, 0),
(217, 0, 0, 0, 0, 1, 0, 0, 0, 0, 0, 0, 0, 0, 0, 0, 0, 0, 0, 0, 0, 0, 0, 0, 0, 0, 0, 0, 0),
(218, 0, 0, 0, 0, 1, 0, 0, 0, 0, 0, 0, 0, 0, 0, 0, 0, 0, 0, 0, 0, 0, 0, 0, 0, 0, 0, 0, 0),
(219, 0, 0, 0, 0, 1, 0, 0, 0, 0, 0, 0, 0, 0, 0, 0, 0, 0, 0, 0, 0, 0, 0, 0, 0, 0, 0, 0, 0),
(220, 1, 0, 0, 0, 1, 0, 0, 0, 0, 0, 0, 0, 0, 0, 0, 0, 0, 0, 0, 0, 0, 0, 0, 0, 0, 0, 0, 0),
(221, 0, 0, 0, 0, 1, 0, 0, 0, 0, 0, 0, 0, 0, 0, 0, 0, 0, 0, 0, 0, 0, 0, 0, 0, 0, 0, 0, 0),
(222, 1, 1, 0, 0, 1, 0, 0, 0, 0, 0, 0, 0, 0, 0, 0, 0, 0, 0, 0, 0, 0, 0, 0, 0, 0, 0, 0, 0),
(223, 0, 0, 0, 0, 1, 0, 0, 0, 0, 0, 0, 0, 0, 0, 0, 0, 0, 0, 0, 0, 0, 0, 0, 0, 0, 0, 0, 0),
(224, 0, 0, 0, 0, 1, 0, 0, 1, 0, 0, 0, 0, 0, 0, 0, 0, 0, 0, 0, 0, 0, 0, 0, 0, 0, 0, 0, 0),
(225, 0, 0, 0, 0, 0, 0, 0, 0, 0, 0, 0, 0, 0, 0, 0, 0, 0, 0, 0, 0, 0, 0, 0, 0, 0, 0, 0, 0),
(226, 0, 0, 0, 0, 0, 0, 0, 0, 0, 0, 0, 0, 0, 0, 0, 0, 0, 0, 0, 0, 0, 0, 0, 0, 0, 0, 0, 0),
(227, 0, 0, 0, 0, 1, 0, 0, 0, 0, 0, 0, 0, 0, 0, 0, 0, 0, 0, 0, 0, 0, 0, 0, 0, 0, 0, 0, 0),
(228, 0, 0, 0, 0, 1, 0, 0, 1, 0, 0, 0, 0, 0, 0, 0, 0, 0, 0, 0, 0, 0, 0, 0, 0, 0, 0, 0, 0),
(229, 0, 0, 0, 0, 0, 0, 0, 0, 0, 0, 0, 0, 0, 0, 0, 0, 0, 0, 0, 0, 0, 0, 0, 0, 0, 0, 0, 0),
(230, 0, 0, 0, 0, 1, 0, 0, 0, 0, 0, 0, 0, 0, 0, 0, 0, 0, 0, 0, 0, 0, 0, 0, 0, 0, 0, 0, 0),
(231, 0, 0, 0, 0, 0, 0, 0, 0, 0, 0, 0, 0, 0, 0, 0, 0, 0, 0, 0, 0, 0, 0, 0, 0, 0, 0, 0, 0),
(232, 0, 0, 0, 0, 0, 0, 0, 0, 0, 0, 0, 0, 0, 0, 0, 0, 0, 0, 0, 0, 0, 0, 0, 0, 0, 0, 0, 0),
(233, 0, 0, 0, 0, 0, 0, 0, 0, 0, 0, 0, 0, 0, 0, 0, 0, 0, 0, 0, 0, 0, 0, 0, 0, 0, 0, 0, 0),
(234, 1, 0, 0, 0, 1, 0, 0, 0, 0, 0, 0, 0, 0, 0, 0, 0, 0, 0, 0, 0, 0, 0, 0, 0, 0, 0, 0, 0),
(235, 0, 0, 0, 0, 1, 0, 0, 1, 0, 0, 0, 0, 0, 0, 0, 0, 0, 0, 0, 0, 0, 0, 0, 0, 0, 0, 0, 0),
(236, 0, 0, 0, 0, 1, 0, 0, 1, 0, 0, 0, 0, 0, 0, 0, 0, 0, 0, 0, 0, 0, 0, 0, 0, 0, 0, 0, 0),
(237, 0, 0, 0, 0, 0, 0, 0, 0, 0, 0, 0, 0, 0, 0, 1, 0, 0, 0, 0, 0, 0, 0, 0, 0, 0, 0, 0, 0),
(238, 0, 0, 0, 0, 0, 0, 0, 0, 0, 0, 0, 0, 0, 0, 0, 0, 0, 0, 0, 0, 0, 0, 0, 0, 0, 0, 0, 0),
(239, 0, 0, 0, 0, 1, 0, 0, 1, 0, 0, 0, 0, 0, 0, 0, 0, 0, 0, 0, 0, 0, 0, 0, 0, 0, 0, 0, 0),
(240, 0, 0, 0, 0, 1, 0, 0, 1, 0, 0, 0, 0, 0, 0, 0, 0, 0, 0, 0, 0, 0, 0, 0, 0, 0, 0, 0, 0),
(241, 0, 0, 0, 0, 0, 0, 0, 0, 0, 0, 0, 0, 0, 0, 0, 0, 0, 0, 0, 0, 0, 0, 0, 0, 0, 0, 0, 0),
(242, 1, 1, 0, 0, 1, 0, 0, 0, 0, 0, 0, 0, 0, 0, 1, 0, 0, 0, 0, 0, 0, 0, 0, 0, 0, 0, 0, 0),
(243, 1, 0, 0, 0, 1, 0, 0, 0, 0, 0, 0, 0, 0, 0, 1, 0, 0, 0, 0, 0, 0, 0, 0, 0, 0, 0, 0, 0),
(244, 1, 0, 0, 0, 1, 0, 0, 0, 0, 0, 0, 0, 0, 0, 1, 0, 0, 0, 0, 0, 0, 0, 0, 0, 0, 0, 0, 0),
(245, 0, 0, 0, 0, 0, 0, 0, 1, 0, 0, 0, 0, 0, 0, 1, 0, 0, 1, 0, 0, 0, 0, 0, 0, 0, 0, 0, 0),
(246, 1, 0, 0, 0, 1, 0, 0, 0, 0, 0, 0, 0, 0, 0, 0, 1, 0, 1, 1, 0, 0, 0, 0, 0, 0, 0, 0, 0),
(247, 0, 1, 0, 0, 1, 1, 0, 0, 0, 0, 0, 0, 0, 0, 0, 0, 0, 1, 0, 0, 0, 0, 0, 0, 0, 0, 0, 0),
(248, 0, 1, 0, 0, 1, 0, 0, 0, 0, 0, 0, 0, 0, 0, 0, 0, 0, 0, 0, 0, 0, 0, 0, 0, 0, 0, 0, 0),
(249, 0, 0, 0, 0, 1, 0, 0, 0, 0, 0, 0, 0, 0, 0, 1, 1, 0, 1, 0, 0, 0, 0, 0, 0, 0, 0, 0, 0),
(250, 0, 0, 0, 0, 1, 0, 0, 0, 0, 1, 0, 0, 0, 0, 0, 0, 0, 0, 0, 0, 0, 0, 0, 0, 0, 0, 0, 0),
(251, 0, 1, 0, 1, 1, 0, 0, 0, 0, 0, 0, 0, 0, 0, 0, 0, 0, 0, 0, 0, 0, 0, 0, 0, 0, 0, 1, 0),
(252, 1, 1, 0, 1, 1, 0, 0, 0, 0, 0, 0, 0, 0, 0, 1, 1, 0, 1, 0, 0, 0, 0, 0, 0, 0, 0, 0, 0),
(253, 1, 0, 0, 0, 1, 0, 0, 0, 0, 0, 0, 0, 0, 0, 1, 0, 0, 0, 0, 0, 0, 0, 0, 0, 0, 0, 0, 0),
(254, 0, 0, 0, 0, 1, 1, 1, 1, 1, 0, 0, 0, 0, 0, 0, 0, 0, 0, 0, 0, 0, 0, 0, 0, 0, 0, 0, 0),
(255, 1, 1, 0, 0, 1, 0, 0, 0, 0, 0, 0, 0, 0, 0, 1, 0, 0, 1, 1, 0, 0, 0, 0, 0, 0, 0, 1, 1),
(256, 1, 1, 1, 0, 1, 0, 1, 0, 0, 1, 0, 0, 0, 0, 0, 0, 0, 0, 0, 0, 0, 0, 0, 0, 0, 0, 0, 0),
(257, 1, 1, 1, 1, 1, 0, 1, 1, 0, 1, 0, 0, 1, 1, 1, 1, 1, 1, 1, 0, 0, 0, 0, 0, 0, 0, 1, 0),
(258, 1, 1, 0, 1, 1, 0, 0, 0, 0, 0, 0, 0, 0, 1, 1, 1, 1, 1, 1, 0, 0, 0, 0, 0, 0, 0, 0, 0),
(259, 1, 1, 0, 0, 1, 0, 0, 0, 0, 0, 0, 0, 0, 1, 1, 1, 0, 1, 1, 0, 1, 0, 0, 0, 0, 0, 0, 0),
(260, 1, 1, 0, 1, 1, 0, 0, 0, 0, 0, 0, 0, 1, 1, 1, 1, 0, 1, 1, 0, 0, 0, 0, 0, 0, 0, 0, 0),
(261, 1, 1, 0, 1, 1, 0, 0, 0, 0, 0, 0, 0, 0, 0, 1, 1, 0, 1, 1, 0, 0, 0, 0, 0, 0, 0, 0, 0),
(262, 0, 1, 0, 1, 1, 0, 0, 0, 0, 0, 0, 0, 0, 1, 1, 1, 1, 1, 1, 0, 0, 0, 0, 0, 0, 0, 0, 0),
(263, 1, 1, 0, 1, 1, 0, 0, 0, 0, 0, 0, 0, 0, 0, 1, 1, 0, 1, 0, 0, 0, 0, 0, 0, 0, 0, 0, 0),
(264, 0, 0, 0, 0, 1, 0, 0, 0, 0, 0, 0, 0, 0, 0, 0, 0, 0, 0, 0, 0, 0, 0, 0, 0, 0, 0, 0, 0),
(265, 0, 0, 0, 0, 1, 0, 0, 0, 0, 0, 0, 0, 0, 0, 0, 0, 0, 0, 0, 0, 0, 0, 0, 0, 0, 0, 0, 0),
(266, 0, 0, 0, 0, 0, 0, 0, 0, 0, 0, 0, 0, 0, 0, 0, 0, 0, 0, 0, 0, 0, 0, 0, 0, 0, 0, 0, 0),
(268, 0, 0, 0, 0, 1, 0, 0, 0, 1, 0, 0, 0, 0, 0, 1, 1, 0, 1, 1, 0, 0, 0, 1, 0, 0, 0, 1, 0),
(269, 0, 0, 0, 0, 1, 0, 0, 1, 0, 0, 0, 0, 0, 0, 0, 0, 0, 0, 0, 0, 0, 0, 0, 0, 0, 0, 0, 0),
(270, 0, 1, 0, 0, 1, 1, 1, 1, 0, 0, 0, 0, 0, 0, 0, 0, 0, 0, 0, 0, 0, 0, 0, 0, 0, 0, 0, 0),
(271, 0, 0, 0, 0, 0, 0, 0, 0, 0, 0, 0, 0, 1, 0, 1, 0, 0, 0, 0, 0, 0, 1, 1, 0, 0, 0, 1, 0),
(275, 0, 0, 0, 0, 1, 0, 1, 1, 1, 0, 0, 0, 1, 0, 1, 1, 0, 1, 1, 0, 0, 0, 0, 0, 0, 0, 1, 0),
(276, 1, 1, 0, 0, 1, 1, 0, 1, 0, 0, 0, 0, 1, 0, 1, 0, 0, 0, 0, 0, 0, 0, 0, 0, 0, 0, 0, 0),
(277, 1, 0, 0, 0, 1, 0, 1, 0, 0, 1, 1, 0, 0, 0, 1, 1, 0, 1, 0, 0, 0, 1, 0, 0, 1, 0, 1, 0),
(278, 0, 1, 0, 1, 1, 0, 0, 0, 0, 0, 0, 0, 0, 0, 1, 1, 0, 0, 0, 0, 0, 0, 0, 0, 0, 0, 1, 0),
(279, 1, 1, 0, 1, 1, 0, 0, 0, 0, 0, 0, 0, 0, 0, 1, 1, 0, 1, 0, 0, 0, 0, 0, 0, 0, 0, 1, 0),
(280, 1, 1, 0, 1, 1, 0, 0, 0, 0, 0, 0, 0, 0, 0, 1, 1, 0, 1, 0, 0, 0, 0, 0, 0, 0, 0, 1, 0),
(281, 1, 1, 0, 1, 1, 0, 0, 0, 0, 0, 0, 0, 0, 0, 1, 1, 0, 1, 0, 0, 0, 0, 0, 0, 0, 0, 1, 0),
(282, 0, 1, 0, 1, 1, 0, 0, 0, 0, 0, 0, 0, 0, 0, 1, 1, 0, 1, 0, 0, 0, 0, 0, 0, 0, 0, 1, 0),
(283, 1, 1, 0, 1, 1, 0, 0, 0, 0, 0, 0, 0, 0, 1, 1, 0, 0, 1, 0, 0, 0, 0, 0, 0, 0, 0, 1, 0),
(284, 1, 0, 0, 1, 1, 0, 0, 1, 0, 0, 0, 1, 1, 1, 1, 1, 0, 1, 1, 0, 0, 1, 0, 0, 1, 0, 1, 0),
(285, 1, 1, 0, 1, 1, 0, 1, 1, 0, 0, 0, 1, 1, 1, 1, 1, 1, 1, 1, 0, 0, 1, 1, 0, 1, 1, 1, 0),
(286, 1, 1, 0, 0, 1, 0, 0, 1, 1, 0, 1, 1, 0, 1, 1, 1, 0, 1, 1, 0, 0, 1, 1, 1, 1, 0, 1, 0),
(287, 0, 0, 0, 0, 1, 0, 0, 0, 0, 0, 0, 0, 0, 0, 0, 0, 0, 0, 0, 0, 0, 0, 0, 0, 0, 0, 0, 0),
(288, 1, 1, 0, 1, 1, 0, 0, 0, 0, 0, 0, 0, 0, 1, 1, 0, 0, 1, 0, 0, 0, 0, 0, 0, 0, 0, 0, 0),
(289, 1, 1, 0, 1, 1, 0, 0, 1, 0, 0, 0, 0, 1, 0, 1, 1, 0, 1, 0, 0, 0, 1, 1, 0, 0, 0, 1, 0),
(291, 1, 1, 0, 1, 1, 0, 0, 0, 0, 0, 0, 0, 0, 1, 1, 1, 0, 1, 1, 0, 0, 0, 0, 0, 0, 0, 0, 0),
(292, 1, 1, 0, 1, 1, 0, 0, 0, 0, 0, 0, 0, 0, 0, 1, 1, 0, 1, 0, 0, 0, 0, 0, 0, 0, 0, 0, 0),
(293, 0, 0, 0, 0, 0, 0, 0, 0, 0, 0, 0, 0, 0, 0, 0, 0, 0, 0, 0, 0, 0, 0, 0, 0, 0, 0, 0, 0);

-- --------------------------------------------------------

--
-- Table structure for table `fasilitas_olahraga`
--

CREATE TABLE `fasilitas_olahraga` (
  `idHotel` int(6) UNSIGNED NOT NULL,
  `gymnasium` tinyint(1) NOT NULL,
  `field` tinyint(1) NOT NULL,
  `tennis` tinyint(1) NOT NULL,
  `golf` tinyint(1) NOT NULL,
  `puttingGolf` tinyint(1) NOT NULL,
  `fishing` tinyint(1) NOT NULL,
  `paraglider` tinyint(1) NOT NULL,
  `horseRiding` tinyint(1) NOT NULL,
  `diving` tinyint(1) NOT NULL,
  `rafting` tinyint(1) NOT NULL,
  `canoe` tinyint(1) NOT NULL
) ENGINE=InnoDB DEFAULT CHARSET=latin1;

--
-- Dumping data for table `fasilitas_olahraga`
--

INSERT INTO `fasilitas_olahraga` (`idHotel`, `gymnasium`, `field`, `tennis`, `golf`, `puttingGolf`, `fishing`, `paraglider`, `horseRiding`, `diving`, `rafting`, `canoe`) VALUES
(1, 0, 0, 0, 0, 0, 0, 0, 0, 0, 0, 0),
(2, 1, 1, 1, 0, 0, 0, 0, 0, 0, 0, 0),
(3, 0, 0, 0, 0, 0, 0, 0, 0, 0, 0, 0),
(4, 0, 0, 0, 0, 0, 0, 0, 0, 0, 0, 0),
(5, 0, 0, 0, 0, 0, 0, 0, 0, 0, 0, 0),
(6, 1, 1, 0, 0, 0, 1, 0, 0, 0, 0, 0),
(7, 0, 0, 0, 0, 0, 0, 0, 0, 0, 0, 0),
(8, 0, 1, 0, 0, 0, 0, 0, 0, 0, 0, 0),
(9, 0, 0, 0, 0, 0, 0, 0, 0, 0, 0, 0),
(10, 0, 0, 0, 0, 0, 0, 1, 1, 0, 1, 1),
(11, 0, 0, 0, 0, 0, 0, 0, 0, 0, 0, 0),
(12, 0, 0, 0, 0, 0, 0, 0, 0, 0, 0, 0),
(13, 0, 0, 0, 0, 0, 0, 0, 0, 0, 0, 0),
(14, 0, 0, 0, 0, 0, 0, 0, 0, 0, 0, 0),
(15, 0, 0, 0, 0, 0, 0, 0, 0, 0, 0, 0),
(16, 0, 0, 0, 0, 0, 0, 0, 0, 0, 0, 0),
(17, 1, 1, 1, 0, 0, 1, 0, 1, 0, 0, 0),
(18, 0, 0, 0, 0, 0, 0, 0, 0, 0, 0, 0),
(19, 0, 0, 0, 0, 0, 0, 0, 0, 0, 0, 0),
(20, 0, 0, 0, 0, 0, 0, 0, 0, 0, 0, 0),
(21, 0, 0, 0, 0, 0, 0, 0, 0, 0, 0, 0),
(22, 0, 0, 0, 0, 0, 0, 1, 1, 0, 1, 1),
(23, 0, 0, 0, 0, 0, 0, 0, 0, 0, 0, 0),
(24, 0, 0, 0, 0, 0, 0, 0, 0, 0, 0, 0),
(25, 0, 0, 0, 0, 0, 0, 0, 0, 0, 0, 0),
(26, 0, 0, 0, 0, 0, 0, 0, 0, 0, 0, 0),
(27, 0, 0, 0, 0, 0, 0, 0, 0, 0, 0, 0),
(28, 0, 0, 0, 0, 0, 0, 1, 1, 0, 1, 0),
(29, 0, 0, 0, 0, 0, 0, 0, 0, 0, 0, 0),
(30, 0, 0, 0, 0, 0, 0, 0, 0, 0, 0, 0),
(31, 0, 0, 0, 0, 0, 0, 0, 0, 0, 0, 0),
(32, 0, 0, 0, 0, 0, 0, 0, 0, 0, 0, 0),
(33, 0, 0, 0, 0, 0, 0, 0, 0, 0, 0, 0),
(34, 0, 0, 0, 0, 0, 0, 0, 0, 0, 0, 0),
(35, 0, 0, 0, 0, 0, 0, 0, 0, 0, 1, 0),
(36, 0, 0, 0, 0, 0, 0, 0, 0, 0, 0, 0),
(37, 0, 0, 0, 0, 0, 0, 0, 0, 0, 0, 0),
(38, 0, 0, 0, 0, 0, 0, 0, 0, 0, 0, 0),
(39, 0, 0, 0, 0, 0, 0, 0, 0, 0, 0, 0),
(40, 0, 0, 0, 0, 0, 0, 0, 0, 0, 0, 0),
(41, 0, 0, 0, 0, 0, 0, 0, 0, 0, 0, 0),
(42, 0, 0, 0, 0, 0, 0, 0, 0, 0, 0, 0),
(43, 0, 0, 0, 0, 0, 0, 0, 0, 0, 0, 0),
(44, 0, 0, 0, 0, 0, 0, 0, 0, 0, 0, 0),
(45, 0, 0, 0, 0, 0, 0, 0, 0, 0, 0, 0),
(46, 0, 0, 0, 0, 0, 0, 0, 0, 0, 0, 0),
(47, 0, 0, 0, 0, 0, 0, 0, 0, 0, 0, 0),
(48, 0, 0, 0, 0, 0, 0, 0, 0, 0, 0, 0),
(49, 0, 0, 0, 0, 0, 0, 0, 0, 0, 0, 0),
(50, 0, 0, 0, 0, 0, 0, 0, 0, 0, 0, 0),
(51, 0, 0, 0, 0, 0, 0, 0, 0, 0, 0, 0),
(52, 0, 0, 0, 0, 0, 0, 0, 0, 0, 0, 0),
(53, 0, 0, 0, 0, 0, 0, 0, 0, 0, 0, 0),
(54, 0, 0, 0, 0, 0, 0, 0, 0, 0, 0, 0),
(55, 0, 0, 0, 0, 0, 0, 0, 0, 0, 0, 0),
(56, 0, 0, 0, 0, 0, 0, 0, 0, 0, 0, 0),
(57, 0, 0, 0, 0, 0, 0, 0, 0, 0, 0, 0),
(58, 0, 0, 0, 0, 0, 0, 0, 0, 0, 0, 0),
(59, 0, 0, 0, 0, 0, 0, 0, 0, 0, 0, 0),
(60, 0, 0, 0, 0, 0, 0, 0, 0, 0, 0, 0),
(61, 0, 0, 0, 0, 0, 0, 0, 0, 0, 0, 0),
(62, 0, 0, 0, 0, 0, 0, 0, 0, 0, 0, 0),
(63, 0, 0, 0, 0, 0, 0, 0, 0, 0, 0, 0),
(64, 0, 0, 0, 0, 0, 0, 0, 0, 0, 0, 0),
(65, 0, 0, 0, 0, 0, 0, 0, 0, 0, 0, 0),
(66, 0, 0, 0, 0, 0, 0, 0, 0, 0, 0, 0),
(67, 0, 0, 0, 0, 0, 0, 0, 0, 0, 1, 0),
(68, 0, 0, 0, 0, 0, 0, 0, 0, 0, 0, 0),
(69, 0, 0, 0, 0, 0, 0, 0, 0, 0, 0, 0),
(70, 0, 0, 0, 0, 0, 0, 0, 0, 0, 0, 0),
(71, 0, 0, 0, 0, 0, 0, 0, 0, 0, 0, 0),
(72, 0, 0, 0, 0, 0, 0, 0, 0, 0, 0, 0),
(73, 0, 0, 0, 0, 0, 0, 0, 0, 0, 0, 0),
(74, 0, 0, 0, 0, 0, 0, 0, 0, 0, 0, 0),
(75, 0, 0, 0, 0, 0, 0, 0, 0, 0, 0, 0),
(76, 0, 0, 0, 0, 0, 0, 0, 0, 0, 0, 0),
(77, 0, 0, 0, 0, 0, 0, 0, 0, 0, 0, 0),
(78, 0, 0, 0, 0, 0, 0, 0, 0, 0, 0, 0),
(79, 0, 0, 0, 0, 0, 0, 0, 0, 0, 0, 0),
(80, 0, 0, 0, 0, 0, 0, 0, 0, 0, 0, 0),
(81, 0, 0, 0, 0, 0, 0, 0, 0, 0, 0, 0),
(82, 0, 0, 0, 0, 0, 0, 0, 0, 0, 0, 0),
(83, 0, 0, 0, 0, 0, 0, 0, 0, 0, 0, 0),
(84, 0, 0, 0, 0, 0, 0, 0, 0, 0, 0, 0),
(85, 0, 0, 0, 0, 0, 0, 0, 0, 0, 0, 0),
(86, 0, 0, 0, 0, 0, 0, 0, 0, 0, 0, 0),
(87, 0, 0, 0, 0, 0, 0, 0, 0, 0, 0, 0),
(88, 0, 0, 0, 0, 0, 0, 0, 0, 0, 0, 0),
(89, 0, 0, 0, 0, 0, 0, 0, 0, 0, 0, 0),
(90, 0, 0, 0, 0, 0, 0, 0, 0, 0, 0, 0),
(91, 0, 0, 0, 0, 0, 0, 0, 0, 0, 0, 0),
(92, 0, 0, 0, 0, 0, 0, 0, 0, 0, 0, 0),
(93, 0, 0, 0, 0, 0, 0, 0, 0, 0, 0, 0),
(94, 0, 0, 0, 0, 0, 0, 0, 0, 0, 0, 0),
(95, 1, 1, 1, 1, 1, 1, 1, 0, 0, 1, 0),
(96, 0, 0, 0, 0, 0, 0, 0, 0, 0, 0, 0),
(97, 0, 0, 0, 0, 0, 0, 0, 0, 0, 0, 0),
(98, 0, 0, 0, 0, 0, 0, 0, 0, 0, 0, 0),
(99, 0, 0, 0, 0, 0, 0, 0, 0, 0, 0, 0),
(100, 0, 0, 0, 0, 0, 0, 0, 0, 0, 0, 0),
(101, 0, 0, 0, 0, 0, 0, 0, 0, 0, 0, 0),
(102, 0, 0, 0, 0, 0, 0, 0, 0, 0, 0, 0),
(103, 0, 0, 0, 0, 0, 0, 0, 0, 0, 0, 0),
(104, 0, 0, 0, 0, 0, 0, 0, 0, 0, 0, 0),
(105, 0, 0, 0, 0, 0, 0, 0, 0, 0, 0, 0),
(106, 0, 0, 0, 0, 0, 0, 0, 0, 0, 0, 0),
(107, 0, 0, 0, 0, 0, 0, 0, 0, 0, 0, 0),
(108, 0, 0, 0, 0, 0, 0, 0, 0, 0, 0, 0),
(109, 0, 0, 0, 0, 0, 0, 0, 0, 0, 0, 0),
(110, 0, 0, 0, 0, 0, 0, 0, 0, 0, 0, 0),
(111, 0, 0, 0, 0, 0, 0, 0, 0, 0, 0, 0),
(112, 0, 0, 0, 0, 0, 0, 0, 0, 0, 0, 0),
(113, 0, 0, 0, 0, 0, 0, 0, 0, 0, 0, 0),
(114, 0, 0, 0, 0, 0, 0, 0, 0, 0, 0, 0),
(115, 0, 0, 0, 0, 0, 0, 0, 0, 0, 0, 0),
(116, 0, 0, 0, 0, 0, 0, 0, 0, 0, 0, 0),
(117, 0, 0, 0, 0, 0, 0, 0, 0, 0, 0, 0),
(118, 0, 0, 0, 0, 0, 0, 0, 0, 0, 0, 0),
(119, 0, 0, 0, 0, 0, 0, 0, 0, 0, 0, 0),
(120, 0, 0, 0, 0, 0, 0, 0, 0, 0, 0, 0),
(121, 0, 0, 0, 0, 0, 0, 0, 0, 0, 0, 0),
(122, 0, 0, 0, 0, 0, 0, 0, 0, 0, 0, 0),
(123, 0, 0, 0, 0, 0, 0, 0, 0, 0, 0, 0),
(124, 0, 0, 0, 0, 0, 0, 0, 0, 0, 0, 0),
(125, 0, 0, 0, 0, 0, 0, 0, 0, 0, 0, 0),
(126, 0, 0, 0, 0, 0, 0, 0, 0, 0, 0, 0),
(127, 0, 0, 0, 0, 0, 0, 0, 0, 0, 0, 0),
(128, 0, 0, 0, 0, 0, 0, 0, 0, 0, 0, 0),
(129, 0, 0, 0, 0, 0, 0, 0, 0, 0, 0, 0),
(130, 0, 0, 0, 0, 0, 0, 0, 0, 0, 0, 0),
(131, 0, 0, 0, 0, 0, 0, 0, 0, 0, 0, 0),
(132, 0, 0, 0, 0, 0, 0, 0, 0, 0, 0, 0),
(133, 0, 0, 0, 0, 0, 0, 0, 0, 0, 0, 0),
(134, 0, 0, 0, 0, 0, 0, 0, 0, 0, 0, 0),
(135, 0, 0, 0, 0, 0, 0, 0, 0, 0, 0, 0),
(136, 0, 1, 1, 0, 0, 0, 0, 0, 0, 0, 0),
(137, 0, 0, 0, 0, 0, 0, 0, 0, 0, 0, 0),
(138, 0, 0, 0, 0, 0, 0, 0, 0, 0, 0, 0),
(139, 0, 0, 0, 0, 0, 0, 0, 0, 0, 0, 0),
(140, 0, 0, 0, 0, 0, 0, 0, 0, 0, 0, 0),
(141, 0, 0, 0, 0, 0, 0, 0, 0, 0, 0, 0),
(142, 0, 0, 0, 0, 0, 0, 0, 0, 0, 0, 0),
(143, 0, 0, 0, 0, 0, 0, 0, 0, 0, 0, 0),
(144, 0, 0, 0, 0, 0, 0, 0, 0, 0, 0, 0),
(145, 0, 0, 0, 0, 0, 0, 0, 0, 0, 0, 0),
(146, 0, 0, 0, 0, 0, 0, 0, 0, 0, 0, 0),
(147, 0, 0, 0, 0, 0, 0, 0, 0, 0, 0, 0),
(148, 0, 0, 0, 0, 0, 0, 0, 0, 0, 0, 0),
(149, 0, 0, 0, 0, 0, 0, 0, 0, 0, 0, 0),
(150, 0, 0, 0, 0, 0, 0, 0, 0, 0, 0, 0),
(151, 0, 0, 0, 0, 0, 0, 0, 0, 0, 0, 0),
(152, 0, 0, 0, 0, 0, 0, 0, 0, 0, 0, 0),
(153, 0, 0, 0, 0, 0, 0, 0, 0, 0, 0, 0),
(154, 0, 0, 0, 0, 0, 0, 0, 0, 0, 0, 0),
(155, 0, 0, 0, 0, 0, 0, 0, 0, 0, 0, 0),
(156, 0, 0, 0, 0, 0, 0, 0, 0, 0, 0, 0),
(157, 0, 0, 0, 0, 0, 0, 0, 0, 0, 0, 0),
(158, 0, 0, 0, 0, 0, 0, 0, 0, 0, 0, 0),
(159, 0, 0, 0, 0, 0, 0, 0, 0, 0, 0, 0),
(160, 0, 0, 0, 0, 0, 0, 0, 0, 0, 0, 0),
(161, 0, 0, 0, 0, 0, 0, 0, 0, 0, 0, 0),
(162, 0, 0, 0, 0, 0, 0, 0, 0, 0, 0, 0),
(163, 0, 0, 0, 0, 0, 0, 0, 0, 0, 0, 0),
(164, 0, 0, 0, 0, 0, 0, 0, 0, 0, 0, 0),
(165, 0, 0, 0, 0, 0, 0, 0, 0, 0, 0, 0),
(166, 0, 0, 0, 0, 0, 0, 0, 0, 0, 0, 0),
(167, 0, 0, 0, 0, 0, 0, 0, 0, 0, 0, 0),
(168, 0, 0, 0, 0, 0, 0, 0, 0, 0, 0, 0),
(169, 0, 0, 0, 0, 0, 0, 0, 0, 0, 0, 0),
(170, 0, 0, 0, 0, 0, 0, 0, 0, 0, 0, 0),
(171, 0, 0, 0, 0, 0, 0, 0, 0, 0, 1, 0),
(172, 0, 0, 0, 0, 0, 0, 0, 0, 0, 0, 0),
(173, 0, 0, 0, 0, 0, 0, 0, 0, 0, 0, 0),
(174, 0, 0, 0, 0, 0, 0, 0, 0, 0, 0, 0),
(175, 0, 0, 0, 0, 0, 0, 0, 0, 0, 0, 0),
(176, 0, 0, 0, 0, 0, 0, 0, 0, 0, 0, 0),
(177, 0, 0, 0, 0, 0, 0, 0, 0, 0, 0, 0),
(178, 0, 0, 0, 0, 0, 0, 0, 0, 0, 0, 0),
(179, 0, 0, 0, 0, 0, 0, 0, 0, 0, 0, 0),
(180, 0, 0, 0, 0, 0, 0, 0, 0, 0, 0, 0),
(181, 0, 0, 0, 0, 0, 0, 0, 0, 0, 0, 0),
(182, 0, 0, 0, 0, 0, 0, 0, 0, 0, 0, 0),
(183, 0, 0, 0, 0, 0, 0, 0, 0, 0, 0, 0),
(184, 0, 0, 0, 0, 0, 0, 0, 0, 0, 0, 0),
(185, 0, 0, 0, 0, 0, 0, 0, 0, 0, 0, 0),
(186, 0, 0, 0, 0, 0, 0, 0, 0, 0, 0, 0),
(187, 0, 0, 0, 0, 0, 0, 0, 0, 0, 0, 0),
(188, 0, 0, 0, 0, 0, 0, 0, 0, 0, 0, 0),
(189, 0, 0, 0, 0, 0, 0, 0, 0, 0, 0, 0),
(190, 0, 0, 0, 0, 0, 0, 0, 0, 0, 0, 0),
(191, 0, 0, 0, 0, 0, 0, 0, 0, 1, 0, 0),
(192, 0, 0, 0, 0, 0, 0, 0, 0, 0, 0, 0),
(193, 0, 0, 0, 0, 0, 0, 0, 0, 0, 0, 0),
(194, 0, 0, 0, 0, 0, 0, 0, 0, 0, 0, 0),
(195, 0, 0, 0, 0, 0, 0, 0, 0, 0, 0, 0),
(196, 0, 0, 0, 0, 0, 0, 0, 0, 0, 0, 0),
(197, 0, 0, 0, 0, 0, 0, 0, 0, 0, 0, 0),
(198, 0, 0, 0, 0, 0, 0, 0, 0, 0, 0, 0),
(199, 0, 0, 0, 0, 0, 0, 0, 0, 0, 0, 0),
(200, 0, 0, 0, 0, 0, 0, 0, 0, 0, 0, 0),
(201, 0, 0, 0, 0, 0, 0, 0, 0, 0, 0, 0),
(202, 0, 0, 0, 0, 0, 0, 0, 0, 0, 0, 0),
(203, 0, 0, 0, 0, 0, 0, 0, 0, 0, 0, 0),
(204, 0, 0, 0, 0, 0, 0, 0, 0, 0, 0, 0),
(205, 0, 0, 0, 0, 0, 0, 0, 0, 0, 0, 0),
(206, 0, 0, 0, 0, 0, 0, 0, 0, 0, 0, 0),
(207, 0, 0, 0, 0, 0, 0, 0, 0, 0, 0, 0),
(208, 0, 0, 0, 0, 0, 0, 0, 0, 0, 0, 0),
(209, 0, 0, 0, 0, 0, 0, 0, 0, 0, 0, 0),
(210, 0, 0, 0, 0, 0, 0, 0, 0, 0, 0, 0),
(211, 0, 0, 0, 0, 0, 0, 0, 0, 0, 0, 0),
(212, 0, 0, 0, 0, 0, 0, 0, 0, 0, 0, 0),
(213, 0, 0, 0, 0, 0, 0, 0, 0, 0, 0, 0),
(214, 0, 0, 0, 0, 0, 0, 0, 0, 0, 0, 0),
(215, 0, 0, 0, 0, 0, 0, 0, 0, 0, 0, 0),
(216, 0, 0, 0, 0, 0, 0, 0, 0, 0, 0, 0),
(217, 0, 0, 0, 0, 0, 0, 0, 0, 0, 0, 0),
(218, 0, 0, 0, 0, 0, 0, 0, 0, 0, 0, 0),
(219, 0, 0, 0, 0, 0, 0, 0, 0, 0, 0, 0),
(220, 0, 0, 0, 0, 0, 0, 0, 0, 0, 0, 0),
(221, 0, 0, 0, 0, 0, 0, 0, 0, 0, 0, 0),
(222, 0, 0, 0, 0, 0, 0, 0, 0, 0, 0, 0),
(223, 0, 0, 0, 0, 0, 0, 0, 0, 0, 0, 0),
(224, 0, 0, 0, 0, 0, 0, 0, 0, 0, 0, 0),
(225, 0, 0, 0, 0, 0, 0, 0, 0, 0, 0, 0),
(226, 0, 0, 0, 0, 0, 0, 0, 0, 0, 0, 0),
(227, 0, 0, 0, 0, 0, 0, 0, 0, 0, 0, 0),
(228, 0, 0, 0, 0, 0, 0, 0, 0, 0, 0, 0),
(229, 0, 0, 0, 0, 0, 0, 0, 0, 0, 0, 0),
(230, 0, 0, 0, 0, 0, 0, 0, 0, 0, 0, 0),
(231, 0, 0, 0, 0, 0, 0, 0, 0, 0, 0, 0),
(232, 0, 0, 0, 0, 0, 0, 0, 0, 0, 0, 0),
(233, 0, 0, 0, 0, 0, 0, 0, 0, 0, 0, 0),
(234, 0, 0, 0, 0, 0, 0, 0, 0, 0, 0, 0),
(235, 0, 0, 0, 0, 0, 0, 0, 0, 0, 0, 0),
(236, 0, 0, 0, 0, 0, 0, 0, 0, 0, 0, 0),
(237, 0, 0, 0, 0, 0, 0, 0, 0, 0, 0, 0),
(238, 0, 0, 0, 0, 0, 0, 0, 0, 0, 0, 0),
(239, 0, 0, 0, 0, 0, 0, 0, 0, 0, 0, 0),
(240, 0, 0, 0, 0, 0, 0, 0, 0, 0, 0, 0),
(241, 0, 0, 0, 0, 0, 0, 0, 0, 0, 0, 0),
(242, 0, 0, 0, 0, 0, 0, 0, 0, 0, 0, 0),
(243, 0, 0, 0, 0, 0, 0, 0, 0, 0, 0, 0),
(244, 0, 0, 0, 0, 0, 0, 0, 0, 0, 0, 0),
(245, 0, 0, 0, 0, 0, 0, 0, 0, 0, 0, 0),
(246, 0, 0, 0, 0, 0, 0, 0, 0, 0, 0, 0),
(247, 0, 0, 0, 0, 0, 0, 0, 0, 0, 0, 0),
(248, 0, 0, 0, 0, 0, 0, 0, 0, 0, 0, 0),
(249, 0, 0, 0, 0, 0, 0, 0, 0, 0, 0, 0),
(250, 0, 0, 0, 0, 0, 0, 0, 0, 0, 0, 0),
(251, 0, 0, 0, 0, 0, 0, 0, 0, 0, 0, 0),
(252, 0, 0, 0, 0, 0, 0, 0, 0, 0, 0, 0),
(253, 0, 0, 0, 0, 0, 0, 0, 0, 0, 0, 0),
(254, 0, 0, 0, 0, 0, 0, 0, 0, 0, 0, 0),
(255, 0, 0, 0, 0, 0, 0, 0, 0, 0, 0, 0),
(256, 0, 0, 0, 0, 0, 0, 0, 0, 0, 0, 0),
(257, 0, 0, 0, 0, 0, 0, 0, 0, 0, 0, 0),
(258, 0, 0, 0, 0, 0, 0, 0, 0, 0, 0, 0),
(259, 0, 0, 0, 0, 0, 0, 0, 0, 0, 0, 0),
(260, 0, 0, 0, 0, 0, 0, 0, 0, 0, 0, 0),
(261, 0, 0, 0, 0, 0, 0, 0, 0, 0, 0, 0),
(262, 0, 0, 0, 0, 0, 0, 0, 0, 0, 0, 0),
(263, 0, 0, 0, 0, 0, 0, 0, 0, 0, 0, 0),
(264, 0, 0, 0, 0, 0, 0, 0, 0, 0, 0, 0),
(265, 0, 0, 0, 0, 0, 0, 0, 0, 0, 0, 0),
(266, 0, 0, 0, 0, 0, 0, 0, 0, 0, 0, 0),
(267, 0, 0, 0, 0, 0, 0, 0, 0, 0, 0, 0),
(268, 0, 0, 0, 0, 0, 0, 0, 0, 0, 0, 0),
(269, 0, 0, 0, 0, 0, 0, 0, 0, 0, 0, 0),
(270, 0, 0, 0, 0, 0, 0, 0, 0, 0, 0, 0),
(271, 0, 0, 0, 0, 0, 0, 0, 0, 0, 0, 0),
(272, 0, 0, 0, 0, 0, 0, 0, 0, 0, 0, 0),
(273, 0, 0, 0, 0, 0, 0, 0, 0, 0, 0, 0),
(274, 0, 0, 0, 0, 0, 0, 0, 0, 0, 0, 0),
(275, 0, 0, 0, 0, 0, 0, 0, 0, 0, 0, 0),
(276, 0, 0, 0, 0, 0, 0, 0, 0, 0, 0, 0),
(277, 1, 1, 1, 0, 0, 1, 1, 0, 0, 0, 0),
(278, 0, 0, 0, 0, 0, 0, 0, 0, 0, 0, 0),
(279, 0, 0, 0, 0, 0, 0, 0, 0, 0, 0, 0),
(280, 0, 0, 0, 0, 0, 0, 0, 0, 0, 0, 0),
(281, 0, 0, 0, 0, 0, 0, 0, 0, 0, 0, 0),
(282, 0, 0, 0, 0, 0, 0, 0, 0, 0, 0, 0),
(283, 0, 0, 0, 0, 0, 0, 0, 0, 0, 0, 0),
(284, 0, 0, 0, 0, 0, 0, 0, 0, 0, 0, 0),
(285, 0, 0, 0, 1, 1, 0, 1, 0, 0, 1, 0),
(286, 1, 1, 1, 0, 0, 1, 0, 1, 0, 1, 0),
(287, 0, 0, 0, 0, 0, 0, 0, 0, 0, 0, 0),
(288, 0, 0, 0, 0, 0, 0, 0, 0, 0, 0, 0),
(289, 0, 0, 0, 0, 0, 0, 0, 0, 0, 0, 0),
(290, 0, 0, 0, 0, 0, 0, 0, 0, 0, 0, 0),
(291, 0, 0, 0, 0, 0, 0, 0, 0, 0, 0, 0),
(292, 0, 0, 0, 0, 0, 0, 0, 0, 0, 0, 0),
(293, 0, 0, 0, 0, 0, 0, 0, 0, 0, 0, 0);

-- --------------------------------------------------------

--
-- Table structure for table `hotel`
--

CREATE TABLE `hotel` (
  `idHotel` int(6) UNSIGNED NOT NULL,
  `namaHotel` varchar(50) NOT NULL,
  `bintang` int(2) NOT NULL,
  `alamatHotel` varchar(80) NOT NULL
) ENGINE=InnoDB DEFAULT CHARSET=latin1;

--
-- Dumping data for table `hotel`
--

INSERT INTO `hotel` (`idHotel`, `namaHotel`, `bintang`, `alamatHotel`) VALUES
(1, 'Everyday Smart Hotel Malang', 2, 'Jl.Soekarno Hatta No.2, Malang'),
(2, 'Golden Tulip Holland Resort Batu', 5, 'Jl. Cherry No.10, Panderman Hills, Batu, Malang, Indonesia'),
(3, 'HARRIS Hotel &amp; Conventions Malang', 4, 'Jl.Jend.A.Yani Utara,Riverside C-1,Malang'),
(4, 'Same Hotel Malang', 3, 'Jalan Pattimura 19, Malang, Indonesia'),
(5, 'Aston Inn Batu', 3, 'Jl. Abdul Gani Atas No.42-44, Batu, Malang, Jawa Timur, Indonesia'),
(6, 'Klub Bunga Butik Resort', 4, 'Jl. Kartika No. 1, Batu, Malang, Indonesia'),
(7, 'The Singhasari Resort Batu', 5, 'Jl. IR.Soekarno No.120, Batu, Malang, Jawa Timur, Indonesia'),
(8, 'Hotel Surya Indah Batu Malang', 0, 'JL. Oro Oro Ombo No. 202, Batu, Malang, Indonesia'),
(9, 'Syariah Radho Hotel', 3, 'Jl. Sengkaling No. 137, Mulyoagung, Kec. Dau, Malang, Indonesia'),
(10, 'Pondok Jatim Park Hotel &amp; Cafe', 2, 'Jl.Kartika No.3, Malang, Batu, Jawa Timur'),
(11, 'Alimar Hotel Malang', 3, 'Jl. Pasar Besar No. 58, Malang, Indonesia'),
(12, 'OYO 892 Grand Pujon View Hotel and Resort 1', 2, 'Jl. Rajekwesi No. 24-32, Pandesari, Pujon, Jurangrejo, Malang, Jawa Timur, Indon'),
(13, 'De Wahyu Hotel &amp; Convention', 2, 'Jl. Panglima Sudirman No. 85, Kota Wisata, Batu, Malang, Jawa Timur, Indonesia'),
(14, 'Regents Park', 3, 'Jl.Jaksa Agung Suprapto 12-16, Malang, Jawa Timur'),
(15, 'Hotel Batu Permai', 0, 'Jl. Melati No. 1 Pesanggrahan, Batu, Malang, Indonesia'),
(16, 'Amartahills Hotel and Resort Batu Malang', 4, 'Jl. Abdul Gani Atas, Komplek Amarta Hills, Batu, Malang, Jawa Timur'),
(17, 'Kusuma Agrowisata Resort and Convention Hotel', 4, 'Kawasan Wisata Kusuma Agro, Jl. Abdul Gani Atas PO BOX 36 Batu, Malang, Jawa Tim'),
(18, 'Royal Orchids Garden Hotel', 4, 'Jl. Indragiri No.4, Batu, Malang, Jawa Timur, Indonesia'),
(19, 'Atria Hotel Malang', 4, 'Jl. Letjen S Parman No.87-89, Malang, Jawa Timur'),
(20, 'eL Hotel Grande Malang', 0, 'Jl Bukit Palem Raya No 1&amp;3 Green Hills Residence, Ngijo, Karangploso, Malang'),
(21, 'Hotel Victoria Malang', 3, 'Jl. Ciujung No.7, Purwantoro, Blimbing, Malang, Jawa Timur, Indonesia'),
(22, 'Zam Zam Hotel Resort &amp; Convention', 4, 'Jl.Abdul Gani Atas, Batu, Malang, Jawa Timur, Indonesia'),
(23, 'Solaris Hotel Malang', 3, 'Jl. Raya Karanglo No.69, Singosari, Malang, Jawa Timur, Indonesia'),
(24, 'Grand Citihub Hotel @ Kajoetangan', 2, 'Jl. Basuki Rahmat No. 56, Malang, Jawa Timur, Indonesia'),
(25, 'Tulip Guest House', 0, 'Jl. Hasanudin No. 218 Junrejo, Batu, Malang, Jawa Timur, Indonesia'),
(26, 'Ollino Garden Hotel', 3, 'Jl. Aries Munandar No.41-45, Klojen, Malang, Jawa Timur, Indonesia'),
(27, 'Shakila Guest House', 2, 'Jl Arumdalu No. 179, Songgoriti, Batu, Malang, Indonesia'),
(28, 'Deview Hotel Batu', 3, 'Jl.Raya Selecta No.157,Punten, Kota Wisata Batu'),
(29, 'Family Hotel Gradia 1', 1, 'Jl. Ikhwan Hadi No.47, Batu, Malang, Jawa Timur, Indonesia'),
(30, 'Three Eight Front One Boutique Batu Malang', 3, 'Jl. Hasanudin No.1, Batu, Malang, Jawa Timur, Indonesia'),
(31, 'Batuque Town Villa', 2, 'Jl. Oro-Oro Ombo Raya No. 235, Oro-Oro Ombo, Kota Batu, Malang, Jawa Timur, Indo'),
(32, 'Dewarna Hotel Sutoyo', 3, 'Jl. Letjen Sutoyo 22, Malang Center, Malang, Indonesia'),
(33, 'Victoria Boutique Residence', 3, 'Jl. Ciujung No. 7, Purwantoro, Blimbing, Kota Malang, Jawa Timur, Indonesia'),
(34, 'Mirabell Hotel &amp; Convention Hall', 3, 'Jl. Panglima Sudirman No.39A, Lemah Duwur, Ngadilangkung, Kepanjen, Malang, Jawa'),
(35, 'Baliku Guest House', 1, 'Jl. Abdul Gani Atas No.32, Batu Malang, Jawa Timur, Indonesia'),
(36, 'OYO 354 32 Guest House', 2, 'Jl. Suropati No.32 Kec. Batu, Kota Malang, Jawa Timur , Indonesia'),
(37, 'Hotel Pelangi Malang', 3, 'Jl. Merdeka Selatan No.3, Malang, Jawa Timur'),
(38, 'RedDoorz Plus near Songgoriti Temple', 3, 'Jl. Trunojoyo No.83, Batu, Malang, Jawa Timur, Indonesia'),
(39, 'The Cendana Villa - Batu', 0, 'Jl. Abdul Gani Atas Komplek Villa Safira 17 A-C, 22 dan 25, Batu, Malang, Jawa T'),
(40, 'OYO 564 Bunga Matahari Guest House and Hotel', 2, 'Jl. Suropati No.49, Ngaglik, Kec. Batu, Kota Batu, Jawa Timur 65311, Indonesia, '),
(41, 'Alpines By Artotel', 4, 'Jl. Trunojoyo No. 9, Batu, Malang, Jawa Timur, Indonesia'),
(42, 'RedDoorz Plus @ Raya Sengkaling', 3, 'Jl. Sidomakmur No.82, Jetak Lor, Mulyoagung, Dau, Malang, Jawa Timur, Indonesia'),
(43, 'The Onsen Hot Spring Resort', 4, 'Jl. Raya Arumdalu No. 98, Songgoriti, Batu, Malang, Jawa Timur, Indonesia'),
(44, 'Samara Resort', 3, 'Jl. Imam Bonjol 17B, Batu, Indonesia'),
(45, 'OYO 668 Lovina Inn', 2, 'Jl. Raya Tlekung no. 142, Tlekung, Junrejo, Kota Batu, Jawa Timur 65327, Indones'),
(46, 'Batuque Town Villa 2', 0, 'Jl. Abdul Gani Atas No.8, Batu, Jawa Timur, Indonesia'),
(47, 'Crystall Inn', 2, 'Jl. Dipenogoro No. 166, Batu, Malang, Jawa Timur, Indonesia'),
(48, 'D&#039;Fresh Hotel &amp; Resto', 3, 'Jl. Candi Trowulan No. 12, Malang, Jawa Timur, Indonesia'),
(49, 'Guest House 180', 0, 'Jl. Agus Salim No.21, Sisir, Batu, Malang, Jawa Timur, Indonesia'),
(50, 'OYO 973 Simpang Alun-alun Residence', 2, 'Jl. Sudiro No.17, Sisir, Kec. Batu, Kota Batu, Jawa Timur, Indonesia'),
(51, 'Kapal Garden Hotel', 3, 'Jl. Raya Sengkaling No. 188, Sengkaling, Mulyoagung, Dau, Malang, Indonesia'),
(52, 'The Grand Palace Hotel Malang', 3, 'Jl.Ade Irma Suryani No.23,Malang'),
(53, 'Shanaya Resort Malang', 5, 'Jl. Raya Ngijo, Karangploso, Malang, Jawa Timur, Indonesia'),
(54, 'OYO 696 Hasanah Guest House Syariah De Saphire', 2, 'Jalan Ikan Gurami Kelurahan (Perum De Shapire) Tunjungsekar Lowokwaru, Tunjungse'),
(55, 'Nat Nat Homestay', 0, 'Jl. Raung No.2, Kecamatan Klojen, Klojen, Malang, Jawa Timur, Indonesia'),
(56, 'The Grand Kost', 1, 'Jl. Simpang Borobudur Utara IV No. 50, Malang, Indonesia'),
(57, 'Shinta Guest House', 1, 'Jl. Lasem No.6, Malang Center, Malang, Indonesia'),
(58, 'OYO 894 Nusa Indah Homestay Syariah', 2, 'Jalan Panglima Sudirman Nomor 80, Raya Tlekung, Junrejo, Batu City, East Java, I'),
(59, 'OYO 888 Grand Ijen Guest House', 2, 'Jl. Panglima Sudirman No. 4, Ngaglik, Batu, Malang, Jawa Timur, Indonesia'),
(60, 'OYO 605 Queen Homestay', 2, 'Jl. Panderman No.264, Oro-Oro Ombo, Kec. Batu, Kota Batu, Jawa Timur, Malang, In'),
(61, 'OYO 419 Omah Gajayana Syariah', 2, 'Jl. Gajayana No.567, Dinoyo, Kec. Lowokwaru, Kota Malang, Jawa Timur , Indonesia'),
(62, 'OYO 538 Villa Handayani Syariah', 2, 'Jl. Raya Selecta No.119, RT.3/RW.3, Tulungrejo, Bumiaji, Kota Batu, Jawa Timur 6'),
(63, 'Hotel Santosa Malang', 0, 'Jl. KH Agus Salim No.24, Malang'),
(64, 'OYO 365 Tya Famiy Guest House Syariah', 2, 'Jalan Joyo Agung No.99A, Tlogomas, Lowokwaru, Tlogomas, Kec. Lowokwaru, Kota Mal'),
(65, 'Family Hotel Gradia 2', 1, 'Jl. Ikhwan Hadi No.56, Batu, Malang, Jawa Timur, Indonesia'),
(66, 'OYO 667 Demilo Inn', 2, 'Jl. Raya Tlekung no.105, Junrejo, Batu City, East Java 65327, Indonesia, Batu'),
(67, 'Helios Hotel', 0, 'Jl. Patimura No. 37, Malang, Indonesia'),
(68, 'RedDoorz Plus @ Riverside Malang', 3, 'Jl. Jenderal Ahmad Yani Utara, Riverside Blok F9 No.5-6, Malang, Jawa Timur, Ind'),
(69, 'Airy Syariah Lowokwaru Sigura Gura Empat 1 Malang', 1, 'Jalan Sigura - Gura 4 No.01, Sumbersari, Kec. Lowokwaru, Kota Malang, Jawa Timur'),
(70, 'Hotel Trio Indah 2 Malang', 3, 'JL. Brigjen Slamet Riadi 1-3'),
(71, 'Hotel Bintang', 1, 'Jl. Hamid Rusdi No. 87, Blimbing, Malang, Jawa Timur, Indonesia'),
(72, 'RedDoorz near Taman Rekreasi Selecta', 2, 'Jl. Raya Selecta, Tulungrejo, Bumiaji, Batu, Malang, Jawa Timur, Indonesia'),
(73, 'The Shalimar Boutique Hotel', 5, 'Jl Cerme 16 Malang, Jawa Timur, Indonesia'),
(74, 'Dini Homestay', 0, 'Jl. TVRI, Oro-oro Ombo, Batu, Indonesia'),
(75, 'Airy Syariah Lowokwaru Pisang Kipas A2 Malang', 2, 'Jl. Pisang Kipas No. A2, Jatimulyo, Kec. Lowokwaru, Kota Malang, Jawa Timur , In'),
(76, 'OYO 1024 Palem Asri Residence Syariah', 2, 'Jl. Gondorejo No 902 RT.1 RW 11, Oro-Oro Ombo, Batu, Kota Batu, Jawa Timur, Indo'),
(77, 'Villa Rini', 0, 'Jl. Arumdalu No. 67, Batu, Malang, Jawa Timur, Indonesia'),
(78, 'Jasmeen Syariah', 1, 'Jl. Candi Kidal, Blimbing, Malang, Jawa Timur, Indonesia'),
(79, 'Griya Gribig Guest House', 0, 'Jl. Ki Ageng Gribig No. 100,  Malang, Indonesia'),
(80, 'OYO 778 Guest House Amalia Malang', 2, 'NA, Jl. Merbabu No.18, Oro-oro Dowo, Klojen, Kota Malang, Jawa Timur 65112, Indo'),
(81, 'Airy Syariah Blimbing De Panorama Square Kavling C', 2, 'Jl. Raya Ahmad Yani, D&#039;Panorama Square Kav C2-3, Malang, Jawa Timur, Indone'),
(82, 'Jardin Smart Residence', 0, 'Jl. Simpang Borobudur Utara IV No. 50, Blimbing, Malang, Indonesia'),
(83, 'Tlogomas Guest House', 1, 'Jl. Raya Tlogomas 22, Malang, Jawa Timur, Indonesia'),
(84, 'Villa Kayangan', 3, 'Perum Bunga Tanjung Kav No. 2, Jl. Hasanuddin XXVI, RT. 01, RW. 08, Junrejo, Bat'),
(85, 'Airy Jatim Park Cendrawasih A7 Batu Malang', 1, 'Jl. Cendrawasih No. A 7 - 8, Beji, Junrejo, Temas, Malang, Jawa Timur, Indonesia'),
(86, 'DeDaun Smart Residence', 0, 'Jl. Simpang Borobudur Utara IV No. 52, Malang, Indonesia'),
(87, 'M Suite Homestay', 0, 'Jl. Aris Munandar No. 23, Klojen, Malang, Jawa Timur, Indonesia'),
(88, 'RedDoorz near Balaikota Among Tani Batu', 2, 'Jl. Samadi No.17, Batu, Malang, Jawa Timur, Indonesia'),
(89, 'OYO 282 Putri Utari Guest House', 2, 'Jl. Raya Sengkaling, No.23, Jetis, Mulyoagung, Dau, Malang, Jawa Timur, Indonesi'),
(90, 'Dua Langkah Backpacker', 0, 'Jl. Kenanga 14B RT.03 RW.04 Dadaprejo, Junrejo, Batu, Malang, Jawa Timur, Indone'),
(91, 'Wukir Mas Homestay', 0, 'Jl. Wukir temas No.1, Batu, Malang, Jawa Timur, Indonesia'),
(92, 'Homestay Adem Ayem Syariah 3', 0, 'Jl. Kenanga No. 66, Oro-oro Ombo, Batu, Malang, Jawa Timur, Indonesia'),
(93, 'Mama Homestay Room', 0, 'Jl. Panderman No.16A. Oro Oro Ombo, Batu, Malang, Jawa TImur, Indonesia'),
(94, 'OYO 626 Augustina Home', 2, 'Jl. Merbabu No.11, Oro-oro Dowo, Klojen, Malang, Jawa Timur, Indonesia'),
(95, 'Hotel Tugu Malang', 5, 'Jl. Tugu No.3, Malang, Jawa Timur, Indonesia'),
(96, 'Villa Villi', 0, 'Jl. Gondorejo Kav. 2A, Batu, Malang, Jawa Timur, Indonesia'),
(97, 'Kebun Teh Wonosari &#039;Rollaas Hotel &amp; Resor', 3, 'Kebun Teh Wonosari Rt.04 Rw.07, Desa Toyomarto, Singosari, Malang'),
(98, 'Airy Alun Alun Malang Aries Munandar 41', 2, 'Jl. Aris Munandar No.41, Malang, Jawa Timur, Indonesia'),
(99, 'Kavie Hostel Malang', 0, 'Ruko WOW NY 1-6, Sawojajar, Kedungkandang, Malang, Jawa Timur, Indonesia'),
(100, 'RedDoorz Plus near Jawa Timur Park 1', 3, 'Jl. Imam Bonjol Atas No.19, Sisir, Batu, Malang, Jawa Timur, Indonesia'),
(101, 'RedDoorz @ Soekarno Hatta 2', 2, 'Jl. Pisang Kipas No.2 B, Lowokwaru, Malang, Jawa Timur, Indonesia'),
(102, 'Airy Eco Lowokwaru Bendungan Kedung Ombo 3 Malang', 2, 'Jl. Bendungan Kedung Ombo No.3, Malang, Jawa Timur, Indonesia'),
(103, 'Villa Wijaya Kusuma', 3, 'Perumahan Adikusuma, Jl. Abdul Gani Atas Blok C No. 7, Ngaglik, Kota Batu, Malan'),
(104, 'Hotel Aloha', 0, 'Jl.Gajah Mada No.7, Malang, Jawa Timur, Indonesia'),
(105, 'OYO 407 Bandahara 21 Syariah', 5, 'Jl. Bandahara No.21, Pisang Candi, Sukun, Kota Malang, Jawa Timur 65146, Indones'),
(106, 'Seulawah Resort &amp; Cafe', 0, 'Jl. Mawar No. 8, Batu, Malang, Jawa Timur, Indonesia'),
(107, 'Airy Singosari Raya Mondoroko 1 Malang', 1, 'Jl. Raya Mondoroko No.1, Banjararum, Singosari, Malang, , Singosari, Malang, Jaw'),
(108, 'SAFA Homestay', 0, 'Jl. Danau Tondano Raya F4.  A14, Sawojajar, Kedungkandang, Malang, Jawa Timur, I'),
(109, 'Villa Bunga Tanjung 33', 3, 'Jl. Hasanuddin XXVI, RT 01, RW 08, Junrejo, Kota Batu, Malang, Jawa Timur, Indon'),
(110, 'Airy Sudirman Batu Panorama E 40 Malang', 1, 'Jl. Panglima Sudirman Blok E No.40 RT.003 RW.011, Pesanggarahan, Batu, Malang, J'),
(111, 'Gress Villa', 2, 'Jl. Jambu Air, No. 9 Songgoriti, Batu, Malang, Jawa Timur, Indonesia'),
(112, 'OYO 446 Hotel Kawi Surapatha', 2, 'Nailun Hamam Street (No. 2) Wonosari, Bima, Wonosari, Malang, Jawa Timur, Indone'),
(113, 'OYO 802 Omah Londo Hotel &amp; Resort', 2, 'Jl. Abdul Gani Atas No.25, Ngaglik, Kec. Batu, Kota Batu, Jawa Timur, Indonesia'),
(114, 'OYO 314 Emas 23 Guest House Syariah', 2, 'Jl. Emas No.23, Purwantoro, Blimbing, Kota Malang, Jawa Timur 65126, Indonesia, '),
(115, 'Camelia Hotel', 1, 'Jl. Dr. Cipto, No. 24, Klojen, Malang, Jawa Timur, Indonesia'),
(116, 'OYO 414 Loji Rejo Guest House', 2, 'Perumahan Villa Puncak Tidar Blok H no 12C,kelurahan karangwidoro,kecamatan dau,'),
(117, 'Villa Kusuma Estate 42', 0, 'Jl. Abdul Gani Bawah Perum Villa Kusuma Estate Kav 42, Batu, Malang, Jawa Timur,'),
(118, 'Villa Rizki', 3, 'Jl. Oro-oro Ombo, Villa Puncak Garuda No. B9, Kota Batu, Malang, Jawa Timur, Ind'),
(119, 'OYO 565 Mutiara Panderman Inn Syariah', 2, 'Jl. Gondorejo No.1, Oro-Oro Ombo, Kec. Batu, Kota Batu, Jawa Timur 65316, Indone'),
(120, 'Fif-fa Hotel (Syariah)', 2, 'Jl. KH. Wahid Hasyim No. 4, Klojen, Malang, Indonesia'),
(121, 'Airy Syariah Lowokwaru Candi Mendut Barat 37 Malan', 1, 'Jl. Candi Mendut Bar. Blok A No.37, Mojolangu, Malang, Jawa Timur, Indonesia'),
(122, 'OYO 353 Loesje Guest House Syariah', 2, 'Jl. Tangkuban Perahu No.21, Kauman, Klojen, Kota Malang, Jawa Timur 65119, Indon'),
(123, 'Backpacker Djagad Villa', 2, 'Perumahan Djagad Land Batu Tahap 1, Jl. TVRI 1, Batu, Malang, Jawa Timur, Indone'),
(124, 'Ciptaningati Hotel Batu', 3, 'Jl. Argopuro No. 154, Batu, Malang, Indonesia'),
(125, 'Dhanesvara Villa', 2, 'Jl. Apel II No.193, Sisir, Kec. Batu, Kota Batu, Jawa Timur, Indonesia'),
(126, 'Nova Guest House Syariah', 1, 'Jl. Kedawung Kec. Lowokwaru No. 19, Malang, Indonesia'),
(127, 'Airy Syariah Stasiun Malang Gajah Mada 17', 1, 'Jl. Gajahmada No.17, Kiduldalem, Malang, Jawa Timur, Indonesia'),
(128, 'Sahid Montana Malang', 3, 'JL.Kahuripan No.9, Klojen, Malang'),
(129, 'Fif-fa Inn Malang (Syariah)', 0, 'Jl. Pisang Kipas A2, Jatimulyo, Lowokwaru, Malang, Jawa Timur, Indonesia'),
(130, 'Airy Syariah Alun Alun Merdeka Wahid Hasyim 4 Mala', 1, 'Jl. Kyai H. Wahid Hasyim No. 4, Kauman, Klojen, Kota Malang, Jawa Timur, Indones'),
(131, 'Hotel Setia Budi', 1, 'Jl. Pattimura No. 71 A, Klojen Malang, Jawa Timur, Indonesia'),
(132, 'Morse Guest House Syariah', 1, 'Jl. Gajahmada No. 11, Kiduldalem, Klojen, Kota Malang, Jawa Timur, Indonesia'),
(133, 'Pondok Apel 03', 1, 'Jl. Apel No. 3, Songgoriti, Songgokerto, Kec. Batu, Kota Batu, Jawa Timur 65312,'),
(134, 'Hotel Tosari Malang', 0, 'Jl. KH. Ahmad Dahlan No 31, Malang, Jawa Timur'),
(135, 'Hotel Serayu Malang', 2, 'Jl. Serayu No.3A, Blimbing, Malang, Jawa Timur, Indonesia'),
(136, 'Roemah YWI', 0, 'Jl. Hayam Wuruk No. 14 (Jl. Oro-Oro Ombo 131), Malang, Indonesia'),
(137, 'OYO 709 Semampir Residence At Malang', 2, 'Jl. Klayatan 3 No.39, Bandungrejosari, Sukun, Jawa Timur, Indonesia'),
(138, 'Airy Klojen Lamongan 12 Malang', 2, 'Jl. Lamongan No.12, Oro-oro Dowo, Malang, Jawa Timur, Indonesia'),
(139, 'Cozy Villa Batu', 1, 'Perumahan Batoe Residence, Jalan Raya Oro Oro Ombo No. 1 Kav. C4, Batu, Malang, '),
(140, 'Penginapan Kahan', 1, 'Jl. TVRI RT 2, RW 5, Oro oro ombo, Batu, Indonesia'),
(141, 'Villa Anggrek 5', 0, 'Perumahan Mutiara Panderman Blok A1 No. 3, Batu, Indonesia'),
(142, 'Selorejo Hotel &amp; Resort', 2, 'Jl. Bendungan, Selorejo, Ngantang, Malang, Jawa Timur, Indonesia'),
(143, 'Alpukat Homestay', 0, 'Jl. Alpukat No. 25, RT 02 RW 01, Oro Oro Ombo, Batu, Malang, Jawa Timur, Indones'),
(144, 'Airy Syariah Klojen Surabaya 1 Malang', 1, 'Jl. Surabaya No.1, Gading Kasri, Klojen, Malang, Jawa Timur, Indonesia'),
(145, 'Villa Puncak Garuda B8', 0, 'Jl. Oro-Oro Ombo, Villa Puncak Garuda Blok B8, Batu, Malang, Jawa Timur, Indones'),
(146, 'Hillside Suite Guest House', 0, 'Jl. Malenggang 3, Tidar - Malang, Pisang Candi, Sukun, Kota Malang, Indonesia'),
(147, 'Mutiara Hotel Malang', 0, 'Jl. Jaksa Agung Suprapto'),
(148, 'Inez Apartment 2', 0, 'Jl. Mayjen Panjaitan No. 68, Malang, Jawa Timur, Indonesia'),
(149, 'OYO 528 Safa Guest House', 2, 'Jalan Danau Tondano Raya Blok F4 No. A14, Sawojajar, Malang, Kota Malang, Jawa T'),
(150, 'OYO 437 HnR Homestay Syariah', 2, 'Puncak Buring Indah Blok E3 No.2, Buring, Kedungkandang, Malang, Jawa Timur 6513'),
(151, 'Sierra : 2 Bedroom Villa', 2, 'Jl. Seruni No. 21, Perumahan Springhill Garden, Sawojajar II, Pakis, Malang, Jaw'),
(152, 'OYO 774 Villa 007 Sengkaling', 2, 'Jl. Jambu No.7, Semanding, Sumbersekar, Dau, Malang, Jawa Timur, Indonesia'),
(153, 'Airy Syariah Lowokwaru Kembang Kertas Empat 12 Mal', 1, 'Jl. Kembang Kertas IV No.12, Jatimulyo, Lowokwaru, Malang, Jawa Timur, Indonesia'),
(154, 'Cahaya Bukit Cemara', 0, 'Jl. Flamboyan III Atas, Songgokerto, Kota Batu, Malang, Jawa Timur , Indonesia'),
(155, 'Malang City Boulevard Homestay &amp; Restaurant', 3, 'Jl. Raya Dieng No.15, Malang, Jawa Timur, Indonesia'),
(156, 'Homestay Nurya', 0, 'Jl. Panderma Oro Oro Ombo, Batu, Malang 65316, Indoneisa'),
(157, 'Villa Puncak Garuda C1', 0, 'Villa Puncak Garuda Blok C No. 1, Jl. Trunojoyo Atas, Kec. Junrejo, Desa Tlekung'),
(158, 'Villa Sony', 0, 'Jl. Durian No.11 (Gang Macan), Kawasan Wisata Songgoriti, Batu, Malang, Jawa Tim'),
(159, 'Villa Kayu Kelapa Batu', 0, 'Fiorence Hills Blok B 10, Batu, Malang, Jawa Timur, Indonesia'),
(160, 'Airy Alun Alun Malang Basuki Rachmat 1', 3, 'Jl. Jend. Basuki Rahmat No.01, Kiduldalem, Malang, Jawa Timur, Indonesia'),
(161, 'OYO 493 Permata Jingga AA 19 Boutique Syariah', 2, 'Jl. Permata Jingga III blok AA no. 19,  Tunggulwulung, Kec. Lowokwaru, Kota Mala'),
(162, 'Villa Omahe Toni', 0, 'Jl. Arumdalu, No. 3A-Songgoriti, Kel. Songgokerto-Kec. Batu, Kota Batu, Malang, '),
(163, 'Airy Syariah Klojen Bandung 20 Malang', 1, 'Jl. Bandung No.20, Penanggungan, Klojen, Klojen, Malang, Jawa Timur, Indonesia'),
(164, 'Hotel Gradia 1', 3, 'Jl. Ikhwan Hadi 47, Batu, Malang'),
(165, 'Family Guest House Malang', 0, 'Jl.Bukit Dieng Permai MA 17, Malang'),
(166, 'Mama Homestay 3', 1, 'Jl. Panderman No. 16 A, Oro-Oro Ombo, Batu, Malang, Jawa Timur, Indonesia'),
(167, 'Rosetta Homestay', 0, 'Jl. Simpang Flamboyan II Blok i-8, Batu,  Malang, Jawa Timur, Indonesia'),
(168, 'Sekar Putih Homestay (Khusus Putri)', 0, 'Dusun Kunci RT 4 RW 3 Desa Kalisongo , Dau / Dieng No. 6 Gang Sekar Putih, Malan'),
(169, 'Airy Lowokwaru Kedawung Lima 25J Malang', 1, 'Jl. Kedawung V No.25J, Lowokwaru, Malang, Jawa Timur, Indonesia'),
(170, 'Inez Apartment 3', 0, 'Jl. Mayjen Panjaitan No. 68, Malang, Jawa Timur, Indonesia'),
(171, 'House Of Marley 2', 3, 'Cluster De Sultan No. 2, Gg. Pesantren, Temas, Kec. Batu, Kota Batu, Malang, Jaw'),
(172, 'Ubud Cottages Malang', 3, 'Jl. Bendungan Sigura-gura Barat No. 6, Sukun, Malang'),
(173, 'Vivi Homestay Room', 0, 'Jl. Panderman No. 250, Oro-Oro Ombo, Batu, Malang, Indonesia'),
(174, 'Airy Lowokwaru Candi Trowulan 12 Malang', 3, 'Jl. Candi Trowulan 12, Lowokwaru, Malang, Jawa Timur, Indonesia'),
(175, 'Mini Homestay', 0, 'Jl. Markisa 11a Pisangcandi, Malang, Indonesia'),
(176, 'Airy Sukun Bandahara 26 Malang', 1, 'Jl. Bandahara No.26, Pisang Candi, Sukun, Sukun, Malang, Jawa Timur, Indonesia'),
(177, 'Hotel Nirwana Batu', 3, 'Jl. Arumdalu No 5, Songgokerto, Batu, Malang'),
(178, 'Villa Tanjung 18 Two Bedroom', 0, 'Jl. Hasanuddin, Jl. Tanjung No. 18, Batu, Malang, Jawa Timur, Indonesia'),
(179, 'OYO 809 Noura Guest House Syariah', 2, 'Ruko Taman Niaga, Jl. Soekarno Hatta, Jatimulyo, Kec. Lowokwaru, Kota Malang, Ja'),
(180, 'Fendi&#039;s Guest House', 0, 'Jl. Kawi Atas No.48, Malang, Indonesia'),
(181, 'Airy Syariah Lowokwaru Soekarno Hatta Dalam 2 Mala', 1, 'Jl. Soekarno Hatta Dalam No.2, Lowokwaru, Malang, Jawa Timur, Indonesia'),
(182, 'Airy Lowokwaru Bendungan Darma 18 Malang', 1, 'Jl. Bend. Darma No.18, Sumbersari, Kec. Lowokwaru, Lowokwaru, Malang, Jawa Timur'),
(183, 'OYO 573 Rani Homestay Bromo', 2, 'Jl. Raya Tulus Ayu No.171, Tulus Ayu, Tulusbesar, Tumpang, Malang, Jawa Timur 65'),
(184, 'D&#039;Fresh Guesthouse', 3, 'JL. Candi Trowulan 12, Lowokwaru, Malang'),
(185, 'Homestay Adem Ayem 2', 0, 'Jl. Kenanga No. 66, Batu, Malang, Indonesia'),
(186, 'OYO 643 Al Thalib 8 Syariah', 2, 'Jl. Ters. Wijaya Kusuma No.29, Jatimulyo, Kec. Lowokwaru, Kota Malang, Jawa Timu'),
(187, 'Permata Villa D11', 0, 'Villa Kencana Apel D11 - Jl. Abdul Gani Atas, Batu, Malang, Jawa Timur, Indonesi'),
(188, 'Sahar Backpacker', 1, 'Jalan Moch Sahar, Batu, Malang'),
(189, 'Marry Ind Vila &amp; Guest House Gunung Kawi Malan', 3, 'Jalan Raya Bumirejo, Wonosari, Malang'),
(190, 'Rumah Kebun Lulu Villa', 1, 'Dusun Wonorejo RT 04/RW 12, Kel. Tulung Rejo, Kec. Bumiaji, Batu, Malang'),
(191, 'Villa Zalazi Syariah - 4 Bedrooms', 0, 'Mutiara Panderman Residence Blok B2 - 8, Jl. Gondorejo, Oro oro Ombo, Batu, Mala'),
(192, 'Villa Kusuma Pinus M80', 0, 'Perumahan The Kusuma Pinus Jl. Abdul Gani Atas Blok M-80, Batu, Malang, Jawa Tim'),
(193, 'Hotel Wilis Indah', 1, 'Jl. Dr.Wahidin No.40, Malang, Jawa Timur, Indonesia'),
(194, 'Villa Anggrek 6', 0, 'Perumahan Mutiara Panderman Blok B1 No. 5, Batu, Indonesia'),
(195, 'MyHomestay 3 Putra', 1, 'Jl. Mangga Gondorejo, Oro Oro Ombo, Batu, Malang, Jawa Timur, Indonesia'),
(196, 'Kertanegara Premium Guest House', 0, 'Jl.Semeru No.59'),
(197, 'Harmonie Syariah Homestay', 1, 'Jl. Raya Tlogomas No.18 Landungsari - Malang'),
(198, 'Jacatra Homestay', 3, 'Jl. Jakarta No. 62, Malang 65113, Indonesia'),
(199, 'Hotel Armi Malang', 3, 'Jl. Kaliurang No.63, Malang, Indonesia'),
(200, 'Akbar Homestay Room', 0, 'Jl. Panderman No. 27, Oro Oro Ombo, Batu, Malang, Jawa Timur, Indonesia'),
(201, 'Lily Guest House', 2, 'Jalan Pasar Besar Square No.124, Klojen, Malang'),
(202, 'Guesthouse and homestay de Vita', 2, 'Villa Bukit Tidar Blok A4 No 266, Lowokwaru, Malang'),
(203, 'Palmyra Hostel', 1, 'Jalan Jaksa Agung Suprato III No.1, Klojen, Malang'),
(204, 'Homestay Blessing Kamaran', 0, 'Jl. Kenanga 186 Oro Oro Ombo Batu Rt. 01 Rw. 06, Batu, Malang, Indonesia'),
(205, 'The Comhouse Batu', 0, 'Jl. Metro No. 99 Kav 10 Sisir, Batu, Malang, Indonesia'),
(206, 'Villa Jasmine Batu Malang', 0, 'Jl. Karate no. 1 Suropati, kel. Ngaglik 65311, Batu, Malang, Jawa Timur, Indones'),
(207, 'Villa Chatarina', 0, 'Jl. Abdul Ghani, Perumahan Kusuma Estate Kavling 39, Batu, Malang, Jawa Timur, I'),
(208, 'Omah aniN', 0, 'Jl. Cendrawasih No. A 7 - 8, Beji, Junrejo, Temas, Batu, Malang, Jawa Timur, Ind'),
(209, 'Villa Puncak Garuda E1', 0, 'Perumahan Puncak Garuda Regency Blok E1, Jl. Trunojoyo Atas, Junrejo, Batu, Mala'),
(210, 'Villa Kirana', 0, 'Jl.Gondorejo Oro-Oro ombo, Perumahan mutiara Panderman Blok A21, Batu, Malang, J'),
(211, 'Villa Amanah', 0, 'Jl. Oro-Oro Ombo No. 10, Batu, Malang, Jawa Timur, Indonesia'),
(212, 'Kencana Guest House dan Kost Exclusive', 0, 'Jl. Soekarno Hatta Indah Kav. 2 No. 9 , Malang, Jawa Timur, Indonesia'),
(213, 'Homestay Saxo Syariah', 0, 'Perum De&#039; Saxophone Town House I No. 12 RT.03 RW.06, JL. Saxophone - Tunggu'),
(214, 'Villa Bella', 0, 'Jl. Kijang No.36, Argo Kencana Karang Ploso, Batu-Malang'),
(215, 'Omah Tulusayu', 0, 'Jl. Raya Tulusayu No. 66 Tumpang, Malang, Jawa Timur, Indonesia'),
(216, 'Villa Kusuma Hill D3', 0, 'The Kusuma Hills D3, Jl. Abdul Gani Atas, Batu, Malang, Jawa Timur, Indonesia'),
(217, 'Villa Kusuma Hill C14', 0, 'Perumahan Kusuma Pinus, Jl. Abdul Gani Atas, Batu, Malang, Jawa Timur, Indonesia'),
(218, 'Villa Batoe Residence B9', 0, 'Perumahan Batoe Residence, Jl. Raya Oro Oro Ombo No. 1 Kav. B9, Batu, Malang, Ja'),
(219, 'Villa Kusuma Pinus M6', 0, 'Perumahan Kusuma Pinus, Jl. Abdul Gani Atas, Ngaklik, Kota Batu, Malang, Jawa Ti'),
(220, 'Villa Kusuma Pinus M4', 0, 'Villa Kusuma Pinus Kav M4 Jl. Abdul Gani Atas, Batu, Malang, Jawa Timur, Indones'),
(221, 'Villa Batoe Residence B8', 0, 'Perumahan Batoe Residence, Jl. Raya Oro Oro Ombo No. 1 Kav. B8, Batu, Malang, Ja'),
(222, 'Villa Batoe Residence C9', 0, 'Perumahan Batoe Residence, Jl. Raya Oro Oro Ombo, No. 1 Kav. C9, Batu, Malang, J'),
(223, 'Villa Batoe Residence C8', 0, 'Perumahan Batoe Residence. Jl. Raya Oro Oro Ombo No. 1 Kav. C8, Batu, Malang, Ja'),
(224, 'Villa Anggrek 4', 0, 'Perumahan Mutiara Panderman Blok C2 No. 9, Batu, Indonesia'),
(225, 'Villa Akbar 4', 0, 'Jl. Alpukat, Oro-oro Ombo, Batu, Malang, Jawa Timur, Indonesia'),
(226, 'Villa Akbar 3', 0, 'Jl. Tvri, Oro-oro Ombo, Batu, Malang, Jawa Timur, Indonesia'),
(227, 'Villa Hoky', 0, 'Jl. Diponegoro Komplek Puri Diponegoro No.68, Batu, Malang, Jawa Timur, Indonesi'),
(228, 'Villa Mutiara Panderman', 0, 'Jl. Gondorejo Oro-Oro Ombo Kota Batu, Perumahan Mutiara Panderman Blok C2 No. 7,'),
(229, 'Villa Akbar 6', 0, 'Jl. Tvri, Tlekung, Batu, Malang, Indonesia'),
(230, 'Henny Villa', 0, 'Jl. Wukir No. 264, Batu, Malang, Jawa Timur, Indonesia'),
(231, 'Villa Karaoke Akbar 5', 0, 'Jl. Tvri, Tlekung, Batu, Malang, Indonesia'),
(232, 'King Homestay Batu', 0, 'Jl. Abdul Jalil No.53 Sisir, Batu, Jawa Timur, Indonesia'),
(233, 'Villa Kolam Akbar 5', 0, 'Jl. Tvri, Tlekung, Batu, Malang, Indonesia'),
(234, 'Villa Akbar 3 Kamaran', 0, 'Jl. Tvri, Oro-oro Ombo, Batu, Malang, Jawa Timur, Indonesia'),
(235, 'Villa Nella', 0, 'Jl. Gondorejo No. 56, Kota Batu, Tlekung, Jawa Timur, Indonesia'),
(236, 'Villa Noxinn', 0, 'Jl. Raya Oro-Oro Ombo, Temas, Kec. Batu, Malang, Indonesia'),
(237, 'Villa Camar', 0, 'Jl. Sawahan Bawah, Desa Beji, Junrejo, Batu, Malang, Jawa Timur, Indonesia'),
(238, 'Vino House 3', 0, 'Jl. Terusan Hasanudin Junrejo, Batu, Malang, Jawa Timur, Indonesia'),
(239, 'Villa Anggrek 3', 0, 'Perumahan Mutiara Panderman Blok B2 No. 2, Batu, Indonesia'),
(240, 'Villa Anggrek 2', 0, 'Perumahan Mutiara Panderman Blok D2 No. 6, Batu, Indonesia'),
(241, 'Villa Akbar 7', 0, 'Jl. Panderman, Batu, Malang, Indonesia'),
(242, 'Midi Homestay', 0, 'Jl. Gondorejo Gg. Mangga No. 9, Oro-oro Ombo, Kota Batu, Malang, Indonesia'),
(243, 'Ani Homestay', 0, 'Jl. Panderman No. 3, Oro Oro Ombo, Batu, Indonesia'),
(244, 'Dewata Homestay', 0, 'Jl. Kenanga Gang 1 No.17 Oro Oro Ombo, Batu, Malang, Indonesia'),
(245, 'Lovender Villa', 0, 'Jl. Kartika Klub Bunga, Batu, Malang, Jawa Timur, Indonesia'),
(246, 'Villa Tania Batu', 0, 'Jl. Kenanga No. 77, Oro oro Ombo, Kec. Batu, Kota Batu, Malang, Jawa Timur, Indo'),
(247, 'Diamond Homestay', 0, 'Jl. TVRI Gg. 4 RT.03 RW.03, Oro-Oro Ombo, Batu, Malang, Indonesia'),
(248, 'Davendra Homestay', 0, 'Jl. TVRI Gg. 3 No. 21, Oro Oro Ombo, Kec. Batu, Kota Batu, Malang, Jawa Timur, I'),
(249, 'Abee Homestay 1', 0, 'Jl. Mangga 32 Dusun Gondorejo, Desa Oro - oro Ombo Batu, Batu, Malang, Jawa Timu'),
(250, 'Villa Puncak Pinus', 1, 'Jalur Lkr. Bar No.11, Batu, Malang, Indonesia'),
(251, 'Orlando House', 1, 'Perum New Dewi Sartika Kav.28. Jl. Dewi Sartika RT.05 RW.09, Batu, Malang, Jawa '),
(252, 'Airy Eco Syariah Sukun Taman Agung Atas 31 Malang', 1, 'Jl. Taman Agung Atas No.31, Karangbesuki, Kec. Sukun, Kota Malang, Jawa Timur 65'),
(253, 'Ceria Homestay', 1, 'Jl. Kenanga ( Leci ) No. 105 Oro-Oro Ombo, Batu, Malang, Indonesia'),
(254, 'Pinus Villa Batu R-10', 2, 'Jl. Abdul Ghani Atas, Perumahan The Kusuma Pinus blok R-10, Ngaglik, Batu, Malan'),
(255, 'Homestay Twins Batu', 2, 'Jl. Kenanga No. 4, Oro-oro Ombo, Batu, Malang, Jawa Timur, Indonesia'),
(256, 'Villa Permata Garden Batu', 2, 'Perumahan Permata Garden Regency, No. C 17, Batu, Malang, Jawa Timur, Indonesia'),
(257, 'Omah Sinten', 2, 'Jl. Raya Apel No. 100, Junrejo, Malang, Dau, Malang, Jawa Timur, Indonesia'),
(258, 'OYO 1109 Bing Jaya Guest House', 2, 'Jl. Hasanudin No. 25, Pesanggrahan, Kec. Batu, Kota Batu, Jawa Timur, Indonesia'),
(259, 'OYO 803 Toetie Hotel', 2, 'Jl. Mawar No 17, Songgokerto, Kec. Batu, Kota Batu, Jawa Timur, Indonesia'),
(260, 'OYO 350 D&#039; Maktab Homestay Syariah', 2, 'Jl. Nusa Indah Atas No.2, Jatimulyo, Kec. Lowokwaru, Kota Malang, Jawa Timur 651'),
(261, 'OYO 806 Double  D9 Guesthouse', 2, 'Jl. Bukit Dieng DD No.9, Sumberjo, Kalisongo, Sukun, Kota Malang, Jawa Timur 651'),
(262, 'OYO 886 Omahku Asri Syariah', 2, 'Jl. Danau Matana F3 A5, Sawojajar, Kedungkandang, Kota Malang, Jawa Timur, Indon'),
(263, 'Airy Klojen Gajayana Slamet Riyadi 1 Malang', 2, 'Jl. Brigjen Slamet Riyadi No. 1-3, Oro Oro Dowo, Klojen, Malang, Jawa Timur, Ind'),
(264, 'Villa Puncak Garuda D6', 2, 'Jl. Trunojoyo Atas, Villa Puncak Garuda Blok D6, Junrejo, Batu, Malang, Jawa Tim'),
(265, 'Villa Puncak Garuda D2', 2, 'Jl. Trunojoyo atas, Villa puncak Garuda Blok D2, Junrejo, Batu, Malang, Jawa Tim'),
(266, 'Putri Utari Guest House', 2, 'Jl. Raya Sengkaling No.23, Jetis, Mulyoagung, Dau, Malang, Jawa Timur 65151, Ind'),
(267, 'The Villaku Batu', 3, 'Jalan Oro Oro Ombo, Batu, Malang'),
(268, 'Villa Puncak Garuda B6', 3, 'Jl. Oro-Oro Ombo Villa Puncak Garuda Blok B6 &amp; B8, Desa Junrejo, Batu, Malan'),
(269, 'Batu Villa Wahana', 3, 'Jl. Abdul Gani Atas, Villa Kusuma Estate, Kavling II No.46, Batu, Malang, Jawa T'),
(270, 'Villa Krisna', 3, 'Jl. Raya Oro-Oro Ombo (Batu Green Park No. 9), Temas, Batu, Malang, Jawa Timur, '),
(271, 'Villa Gunawan Batu', 3, 'Jl. Suropati, Pesanggrahan kusuma Block I 11, Batu, Malang, Jawa Timur, Indonesi'),
(272, 'De Clove Guest House', 3, 'Jl. B. Cengkeh No.58, Tulusrejo, Lowokwaru, Malang'),
(273, 'Dewarna Sutoyo Malang', 3, 'Jl. Letjen Sutoyo 22, Singosari, Malang'),
(274, 'L Hotel Grande Malang', 3, 'Jalan Bukit Palem Raya No 1&amp;3, Karangploso, Malang'),
(275, 'Villa Kartika Batu', 4, 'Jl. Dewi Sartika 3H Blok B No. 4, RT. 10 / RW. 10, Temas, Kec. Batu, Kota Batu, '),
(276, 'Villa Kencana Apel C1', 4, 'Jl. Abdul Gani Atas, kav.Villa Kencana Apel No.C1, Batu, Malan, Jawa Timur, Indo'),
(277, 'Jambuluwuk Batu Village Resort', 5, 'Jl. Trunojoyo 99, Desa Songgokerto, Batu, Malang'),
(278, 'RedDoorz near Terminal Arjosari', 2, 'Jl. Raden Intan No. 49, Ajosari, Blimbing, Malang, Jawa Timur, Indonesia'),
(279, 'Villa Handayani', 2, 'Jl. Raya Selecta, Tulungrejo, Bumiaji, Batu, Malang, Jawa Timur, Indonesia'),
(280, 'RedDoorz Plus near Brawijaya University', 3, 'Jl. Mayjend Panjaitan No. 137, Penanggungan, Klojen, Malang, Jawa Timur, Indones'),
(281, 'RedDoorz Plus near Stasiun Kota Baru Malang', 3, 'Jl. Simpang Ranugrati No.58, Sawojajar, Kedungkandang, Malang, Jawa Timur, Indon'),
(282, 'Samadi Guesthouse', 2, 'Jl. Samadi No.17, Batu, Malang, Jawa Timur, Indonesia'),
(283, 'BASUDIRA Homestay Syariah', 0, 'Jl. Candi Mendut Barat A-37, Malang, 65142 Blimbing, Jawa Timur, Indonesia'),
(284, 'Pohon Inn Hotel', 3, 'Jl. Oro-oro Ombo No.9, Batu, Malang'),
(285, 'Senyum World Hotel', 4, 'Jl. Ir. Soekarno No. 144, Beji, Junrejo, Kota Batu, Jawa Timur, Indonesia'),
(286, 'Hotel Purnama', 4, 'Jl. Raya Selecta No.1-15, Batu, Malang, Indonesia'),
(287, 'Fariz Villa', 0, 'Jl. Sultan Hasan Halim No.30, Batu, Malang, Jawa Timur, Indonesia'),
(288, 'Taman Dolan Homestay Syariah Batu', 0, 'Jl. Raya Pandanrejo 308, Bumiaji, Batu, Malang, Jawa Timur, Indonesia'),
(289, 'Relic Room Guest House', 0, 'Jl. Taman Raden Intan No 547 Arjosari Blimbing, Malang, Blimbing, Malang, Jawa T'),
(290, 'De Wahyu Hotel', 3, 'Jl. Panglima Sudirman no 85, Batu, Malang'),
(291, 'OYO 1038 Embun Pagi Syariah Residence', 2, 'Jl. Bend. Sempor No.8, Sumbersari, Kec. Lowokwaru, Kota Malang, Jawa Timur, Indo'),
(292, 'Airy Lowokwaru Sutoyo 22 Malang', 3, 'Jl. Letjen Sutoyo No.22, Rampal Celaket, Klojen, Malang, Jawa Timur, Indonesia'),
(293, 'Smart Homestay Batu', 3, 'Jl. Abdul Rachman V No. 7, Batu, Malang, Jawa Timur, Indonesia');

-- --------------------------------------------------------

--
-- Table structure for table `kamar`
--

CREATE TABLE `kamar` (
  `idHotel` int(6) UNSIGNED NOT NULL,
  `idKamar` int(4) UNSIGNED NOT NULL,
  `namaKamar` varchar(50) NOT NULL,
  `kapasitas` int(5) NOT NULL,
  `sarapan` tinyint(1) NOT NULL,
  `wifiGratis` tinyint(1) NOT NULL,
  `ukuran` float DEFAULT NULL,
  `refundable` tinyint(1) NOT NULL,
  `harga` int(20) NOT NULL
) ENGINE=InnoDB DEFAULT CHARSET=latin1;

--
-- Dumping data for table `kamar`
--

INSERT INTO `kamar` (`idHotel`, `idKamar`, `namaKamar`, `kapasitas`, `sarapan`, `wifiGratis`, `ukuran`, `refundable`, `harga`) VALUES
(1, 1, 'Deluxe Queen Room Only', 2, 0, 0, 36, 0, 619835),
(1, 2, 'Deluxe Queen Room Breakfast', 2, 1, 0, 36, 0, 702479),
(2, 3, 'Deluxe Twin\n \n - Early Bird July', 2, 1, 0, NULL, 0, 926446),
(2, 4, 'Deluxe Twin', 2, 1, 0, NULL, 0, 975206),
(2, 5, 'Deluxe King\n \n - Early Bird July', 2, 1, 0, NULL, 0, 926446),
(2, 6, 'Deluxe King', 2, 1, 0, NULL, 0, 975206),
(2, 7, 'Premier Twin\n \n - Early Bird July', 2, 1, 0, NULL, 0, 1083471),
(2, 8, 'Premier Twin', 2, 1, 0, NULL, 0, 1140495),
(2, 9, 'Premier King\n \n - Early Bird July', 2, 1, 0, NULL, 0, 1083471),
(2, 10, 'Premier King', 2, 1, 0, NULL, 0, 1140495),
(2, 11, 'Sky Suite', 2, 1, 1, NULL, 0, 4462809),
(2, 12, 'Golden Suite', 2, 1, 1, NULL, 0, 5785123),
(2, 13, 'President Suite', 2, 1, 0, NULL, 0, 7190082),
(3, 14, 'HARRIS Room Only\n \n - After Holiday DEAL', 2, 0, 1, NULL, 0, 587636),
(3, 15, 'HARRIS Room Only', 2, 0, 1, NULL, 0, 667768),
(3, 16, 'HARRIS Room Pool View - Room Only\n \n - After Holid', 2, 0, 1, NULL, 0, 660363),
(3, 17, 'HARRIS Room Pool View - Room Only', 2, 0, 1, NULL, 0, 750413),
(3, 18, 'HARRIS Room Breakfast', 2, 1, 1, NULL, 0, 816528),
(3, 19, 'HARRIS Terrace Room Only', 2, 0, 1, NULL, 0, 833057),
(3, 20, 'HARRIS Room Signature Package', 2, 1, 1, 26, 1, 866115),
(3, 21, 'HARRIS Room Pool View Breakfast', 2, 1, 1, NULL, 0, 899173),
(3, 22, 'HARRIS Terrace Room Breakfast', 2, 1, 1, NULL, 0, 981818),
(3, 23, 'HARRIS Suite Room Only', 2, 0, 1, NULL, 0, 1328925),
(3, 24, 'HARRIS Villa Only', 4, 0, 1, NULL, 0, 1395041),
(3, 25, 'HARRIS Suite Room Termasuk Sarapan Pagi', 2, 1, 1, NULL, 0, 1477685),
(3, 26, 'HARRIS Villa Breakfast', 4, 1, 1, NULL, 0, 1692561),
(4, 27, 'Premiere Triple', 3, 1, 1, NULL, 0, 475207),
(5, 28, 'Superior Room Only', 2, 0, 1, 21.5, 0, 1038000),
(5, 29, 'Superior Room Breakfast', 2, 1, 1, 21.5, 0, 1088000),
(5, 30, 'Suite Room', 2, 1, 0, 54.5, 0, 1578000),
(6, 31, 'Superior Room Kingsize Bed\n \n - July Holiday', 2, 1, 0, 28, 0, 681818),
(6, 32, 'Superior Room Kingsize Bed', 2, 1, 0, 28, 0, 909091),
(6, 33, 'Deluxe Room Kingsize Bed\n \n - July Holiday', 2, 1, 0, 28, 0, 976446),
(6, 34, 'Deluxe Room Kingsize Bed', 2, 1, 0, 28, 0, 1148760),
(7, 35, 'Deluxe Twin Room\n \n - Weekday Deals', 2, 1, 1, NULL, 0, 1107438),
(7, 36, 'Deluxe Twin Room\n \n - Member Sale', 2, 1, 1, NULL, 0, 1384297),
(7, 37, 'Deluxe Twin Room', 2, 1, 1, NULL, 0, 1384297),
(7, 38, 'Deluxe King Room\n \n - Weekday Deals', 2, 1, 1, NULL, 0, 1107438),
(7, 39, 'Deluxe King Room\n \n - Member Sale', 2, 1, 1, NULL, 0, 1384297),
(7, 40, 'Deluxe King Room', 2, 1, 1, NULL, 0, 1384297),
(7, 41, 'Premiere Room\n \n - Weekday Deals', 2, 1, 1, NULL, 0, 1404958),
(7, 42, 'Premiere Room\n \n - Member Sale', 2, 1, 1, NULL, 0, 1756198),
(7, 43, 'Premiere Room', 2, 1, 1, NULL, 0, 1756198),
(7, 44, 'Premiere Garden View Room\n \n - Weekday Deals', 2, 1, 1, NULL, 0, 1404958),
(7, 45, 'Premiere Garden View Room\n \n - Member Sale', 2, 1, 1, NULL, 0, 1756198),
(7, 46, 'Premiere Garden View Room', 2, 1, 1, NULL, 0, 1756198),
(7, 47, 'Premiere Panderman Mountain and Pool View Room\n \n ', 2, 1, 1, NULL, 0, 1504132),
(7, 48, 'Premiere Panderman Mountain and Pool View Room\n \n ', 2, 1, 1, NULL, 0, 1880165),
(7, 49, 'Premiere Panderman Mountain and Pool View Room', 2, 1, 1, NULL, 0, 1880165),
(7, 50, 'Pool Access Room\n \n - Member Sale', 2, 1, 1, NULL, 0, 2107438),
(7, 51, 'Pool Access Room', 2, 1, 1, NULL, 0, 2107438),
(7, 52, '1 Bedroom Pool Villa\n \n - Member Sale', 2, 1, 1, NULL, 0, 6198347),
(7, 53, '1 Bedroom Pool Villa', 2, 1, 1, NULL, 0, 6198347),
(7, 54, '2 Bedroom Pool Villa\n \n - Member Sale', 4, 1, 1, NULL, 0, 9504132),
(7, 55, '2 Bedroom Pool Villa', 4, 1, 1, NULL, 0, 9504132),
(8, 56, 'Deluxe Room\n \n - WEEKDAYS', 2, 1, 0, NULL, 0, 339669),
(8, 57, 'Deluxe Room', 2, 1, 0, NULL, 0, 447107),
(8, 58, 'Super Deluxe Room', 4, 1, 0, NULL, 0, 447107),
(8, 59, 'Superior - 4', 4, 1, 0, NULL, 0, 495868),
(9, 60, 'DELUXE TWIN ROOM ONLY', 2, 0, 1, NULL, 0, 315702),
(9, 61, 'DELUXE TWIN ROOM', 2, 1, 1, NULL, 0, 367768),
(9, 62, 'DELUXE KING ROOM', 2, 1, 1, NULL, 0, 367768),
(9, 63, 'FAMILY ROOM', 3, 1, 1, NULL, 0, 435537),
(9, 64, 'Executive Suite', 2, 1, 1, NULL, 0, 483471),
(10, 65, 'Superior\n \n - Promo Juli - Agustus', 2, 1, 1, NULL, 0, 327273),
(10, 66, 'Superior\n \n - Promo July', 2, 1, 1, NULL, 0, 327273),
(10, 67, 'Deluxe\n \n - Promo July -Agustus', 2, 1, 1, NULL, 0, 406612),
(10, 68, 'Deluxe', 2, 1, 1, NULL, 0, 508264),
(10, 69, 'Triple\n \n - Promo Juli - Agustus', 3, 1, 0, NULL, 0, 479339),
(10, 70, 'Triple\n \n - Promo July', 3, 1, 0, NULL, 0, 479339),
(11, 71, 'Petite Deluxe (Non Breakfast 2 people) Non-Smoking', 2, 0, 1, 16, 0, 386909),
(11, 72, 'Superior Twin Room (Free Breakfast 2 pax) Non-Smok', 2, 1, 1, NULL, 0, 409090),
(11, 73, 'Deluxe Twin Room (Free Breakfast 2 pax) Non-Smokin', 2, 1, 1, 30, 0, 433884),
(11, 74, 'Petite Deluxe (Free Breakfast 2 pax) Non-Smoking', 2, 1, 1, 16, 0, 437157),
(11, 75, 'Family Room (Free Breakfast 2 pax) Non-Smoking', 4, 1, 1, 32, 0, 822314),
(12, 76, 'Standard Twin Room', 2, 0, 1, NULL, 0, 293195),
(12, 77, 'Deluxe Double Room', 2, 0, 1, NULL, 0, 394686),
(12, 78, 'Deluxe Twin Room', 2, 0, 1, NULL, 0, 394686),
(12, 79, 'Suite Double', 2, 0, 1, NULL, 0, 469112),
(12, 80, 'Suite Family', 3, 0, 1, NULL, 0, 1057195),
(13, 81, 'Deluxe Family Room Only', 4, 0, 1, 35, 0, 330579),
(13, 82, 'Deluxe Couple Room Only', 2, 0, 1, 20, 0, 330579),
(13, 83, 'Deluxe Family', 4, 1, 1, 35, 0, 495868),
(13, 84, 'Deluxe Couple', 2, 1, 1, 20, 0, 578512),
(14, 85, 'Superior', 2, 1, 0, NULL, 0, 734711),
(15, 86, 'Superior Room Only', 2, 0, 0, 36, 0, 289256),
(15, 87, 'Superior Room', 2, 1, 0, 36, 0, 318182),
(15, 88, 'Deluxe Room', 2, 1, 1, 36, 0, 380165),
(15, 89, 'VIP Room', 2, 1, 1, NULL, 0, 454545),
(16, 90, 'Deluxe King Room\n \n - Promo', 2, 1, 1, 32, 0, 820625),
(16, 91, 'Deluxe King Room', 2, 1, 1, 32, 0, 1065747),
(16, 92, 'Deluxe King Include Dinner\n \n - Promo', 2, 1, 1, 32, 0, 926545),
(16, 93, 'Junior Suite\n \n - Promo', 2, 1, 1, 45, 0, 1025783),
(16, 94, 'Junior Suite', 2, 1, 1, 45, 0, 1332185),
(16, 95, 'Junior Suite Include Dinner\n \n - Promo', 2, 1, 1, 45, 0, 1136545),
(17, 96, 'Superior Room Twin Breakfast Include', 2, 1, 1, 29, 0, 743800),
(17, 97, 'Superior Room Double Breakfast Include', 2, 1, 1, 29, 0, 743800),
(17, 98, 'Superior Room Triple With Double Bed Breakfast Inc', 3, 1, 1, 37, 0, 909090),
(17, 99, 'Superior Room Triple With Twin Bed Breakfast Inclu', 3, 1, 1, 37, 0, 909090),
(17, 100, 'Superior Cottage Twin Breakfast Include', 2, 1, 1, 40, 0, 1074379),
(17, 101, 'Superior Cottage Double Breakfast Include', 2, 1, 1, 40, 0, 1818180),
(18, 102, 'Superior Room Only', 2, 0, 0, 20, 0, 617355),
(18, 103, 'Superior', 2, 1, 0, 20, 0, 713196),
(18, 104, 'Deluxe Room', 2, 1, 0, NULL, 0, 985688),
(18, 105, 'Dendro White', 4, 1, 1, NULL, 0, 1637774),
(18, 106, 'Executive Suite', 2, 1, 0, 45, 0, 1889669),
(18, 107, 'Catalya', 4, 1, 1, 20, 0, 1892763),
(18, 108, 'Catalya Deluxe', 8, 1, 0, NULL, 0, 2627107),
(19, 109, 'Deluxe Room Only', 2, 0, 1, 26, 0, 1232905),
(19, 110, 'Deluxe', 2, 1, 1, 26, 0, 1284558),
(20, 111, 'Standard Twin Room Breakfast', 2, 1, 0, 18, 0, 363636),
(20, 112, 'Superior Twin Room Breakfast', 2, 1, 0, NULL, 0, 429752),
(20, 113, 'Deluxe Bisnis Triple Room Breakfast', 3, 1, 0, 35, 0, 561983),
(21, 114, 'Deluxe Twin', 2, 0, 1, 16, 0, 239669),
(21, 115, 'Deluxe Double / Superking', 2, 0, 1, 16, 0, 239669),
(22, 116, 'Superior Room', 2, 1, 0, NULL, 0, 557851),
(22, 117, 'Deluxe Room', 2, 1, 0, NULL, 0, 623967),
(22, 118, 'Executive', 2, 1, 1, NULL, 0, 991736),
(22, 119, 'Family Room Standard', 4, 1, 1, NULL, 0, 1280992),
(22, 120, 'Family Room Deluxe', 4, 1, 0, NULL, 0, 1446281),
(23, 121, 'Standard King / Twin Room Only\n \n - Hot Deal -10%', 2, 0, 1, NULL, 0, 483471),
(23, 122, 'Standard King / Twin Room Only', 2, 0, 1, NULL, 0, 537190),
(23, 123, 'Family Room Only\n \n - Hot Deal -10%', 3, 0, 0, NULL, 0, 557851),
(23, 124, 'Family Room Only', 3, 0, 0, NULL, 0, 619834),
(23, 125, 'Standard Twin / King\n \n - Hot Deal -10%', 2, 1, 1, NULL, 0, 557851),
(23, 126, 'Standard Twin / King', 2, 1, 1, NULL, 0, 619834),
(23, 127, 'Family Room\n \n - Hot Deal -10%', 3, 1, 1, NULL, 0, 632231),
(23, 128, 'Family Room', 3, 1, 1, NULL, 0, 702479),
(24, 129, 'Nano Room 2Person', 2, 1, 1, 16, 0, 391736),
(24, 130, 'Nano Deluxe', 2, 1, 1, 16, 0, 416529),
(24, 131, 'Superior King', 2, 1, 1, 32, 0, 584298),
(25, 132, 'Standard Twin Non AC', 2, 1, 1, NULL, 0, 247934),
(25, 133, 'Standard King Non AC', 2, 1, 1, NULL, 0, 247934),
(26, 134, 'Superior Twin', 2, 1, 1, 18, 0, 351240),
(26, 135, 'Deluxe Double', 2, 1, 1, NULL, 0, 413223),
(26, 136, 'Deluxe Twin', 2, 1, 1, NULL, 0, 413223),
(27, 137, 'Standard Room', 2, 0, 1, NULL, 0, 206612),
(27, 138, 'Family Room', 4, 0, 1, NULL, 0, 330579),
(28, 139, 'Deluxe Twin Room Only', 2, 0, 1, NULL, 0, 364609),
(28, 140, 'Deluxe Twin Room Breakfast', 2, 1, 1, NULL, 0, 461838),
(29, 141, 'Gradia 1 Family 2', 2, 1, 1, 24, 0, 528925),
(29, 142, 'VIP', 2, 1, 1, 24, 0, 595041),
(29, 143, 'Family 3', 3, 1, 1, 24, 0, 619834),
(29, 144, 'Gradia 1 Family 4', 4, 1, 1, 24, 0, 735537),
(29, 145, 'Family 8', 8, 1, 1, 54, 0, 1305785),
(29, 146, 'Villa', 8, 1, 1, 100, 0, 1570247),
(30, 147, 'Superior Twin Breakfast', 2, 1, 1, 20, 0, 371901),
(30, 148, 'Deluxe Double Breakfast', 2, 1, 1, 20, 0, 438017),
(30, 149, 'Deluxe Twin Breakfast', 2, 1, 1, 20, 0, 438017),
(31, 150, 'Standard Room Only\n \n - Liburan Sekeluarga', 2, 0, 1, 12, 0, 185950),
(31, 151, 'Standard Room Only\n \n - HOT PROMO', 2, 0, 1, 12, 0, 260330),
(31, 152, 'Standard Room Only', 2, 0, 1, 12, 0, 371900),
(31, 153, 'Superior Room Only\n \n - Liburan Sekeluarga', 2, 0, 0, 14, 0, 216942),
(31, 154, 'Superior Room Only\n \n - HOT PROMO', 2, 0, 0, 14, 0, 303719),
(31, 155, 'Superior Room Only', 2, 0, 0, 14, 0, 433884),
(31, 156, 'Standard Room\n \n - Liburan Sekeluarga', 2, 1, 1, 12, 0, 216942),
(31, 157, 'Standard Room\n \n - HOT PROMO', 2, 1, 1, 12, 0, 303719),
(31, 158, 'Standard Room', 2, 1, 1, 12, 0, 433884),
(31, 159, 'Room Superior\n \n - Liburan Sekeluarga', 2, 1, 0, 14, 0, 247933),
(31, 160, 'Room Superior\n \n - HOT PROMO', 2, 1, 0, 14, 0, 347107),
(31, 161, 'Room Superior', 2, 1, 0, 14, 0, 495867),
(31, 162, 'Superior Family Room Only\n \n - Holiday Promo', 4, 0, 0, 14, 0, 340909),
(31, 163, 'Superior Family Room Only\n \n - HOT PROMO', 4, 0, 0, 14, 0, 477272),
(31, 164, 'Superior Family Room Only', 4, 0, 0, 14, 0, 681818),
(31, 165, 'Superior Family Room\n \n - Holiday Promo', 4, 1, 0, 14, 0, 402892),
(31, 166, 'Superior Family Room\n \n - HOT PROMO', 4, 1, 0, 14, 0, 564049),
(31, 167, 'Superior Family Room', 4, 1, 0, 14, 0, 805785),
(32, 168, 'Deluxe Twin Room', 2, 1, 0, NULL, 0, 330579),
(32, 169, 'Deluxe Double Room', 2, 1, 0, NULL, 0, 351240),
(33, 170, 'Deluxe Twin', 2, 0, 1, 16, 0, 239669),
(33, 171, 'Deluxe Double / Superking', 2, 0, 1, 16, 0, 239669),
(34, 172, 'Superior Room', 2, 1, 1, NULL, 0, 289256),
(34, 173, 'Deluxe Room', 2, 1, 1, NULL, 0, 371901),
(35, 174, 'Superior Room', 2, 1, 0, 27, 0, 214876),
(35, 175, 'Deluxe Triple', 3, 1, 0, 32, 0, 330579),
(36, 176, 'Standard Twin Room', 2, 0, 1, NULL, 0, 172569),
(36, 177, 'Suite Family', 3, 0, 1, NULL, 0, 431423),
(37, 178, 'Superior Room Only', 2, 0, 1, NULL, 0, 305785),
(37, 179, 'Deluxe Room Only', 2, 0, 1, NULL, 0, 347107),
(37, 180, 'Deluxe Room', 2, 1, 1, NULL, 0, 396694),
(38, 181, 'RedDoorz Twin\n \n - Basic Deal', 2, 0, 1, NULL, 0, 113057),
(38, 182, 'RedDoorz Twin\n \n - Last Minute', 2, 0, 1, NULL, 0, 113057),
(38, 183, 'RedDoorz Room\n \n - Basic Deal', 2, 0, 1, NULL, 0, 113057),
(38, 184, 'RedDoorz Room\n \n - Last Minute', 2, 0, 1, NULL, 0, 113057),
(38, 185, 'RedDoorz Room', 2, 0, 1, NULL, 0, 119008),
(39, 186, 'The Cendana Villa 17C - Hooneymoon Suites\n \n - jul', 2, 0, 1, NULL, 0, 1053719),
(39, 187, 'The Cendana Villa 17C - Hooneymoon Suites', 2, 0, 1, NULL, 0, 1239669),
(39, 188, 'The Cendana Villa 17 A - 3 Bedroom Mountain View\n ', 6, 0, 1, NULL, 0, 1861570),
(39, 189, 'The Cendana Villa 17 A - 3 Bedroom Mountain View', 6, 0, 1, NULL, 0, 2190083),
(40, 190, 'Deluxe Double Room', 2, 0, 1, NULL, 0, 281156),
(41, 191, 'Studio 50', 2, 1, 1, 50, 0, 991735),
(42, 192, 'RedDoorz Family Room\n \n - Basic Deal', 4, 0, 0, NULL, 0, 145247),
(42, 193, 'RedDoorz Family Room', 4, 0, 0, NULL, 0, 152892),
(43, 194, '2 Bedrooms Deluxe Suite', 4, 1, 1, NULL, 0, 2272727),
(43, 195, '3 Bedrooms Executive Suite', 6, 1, 1, NULL, 0, 4095455),
(44, 196, 'Deluxe Mezzanine', 2, 1, 1, NULL, 0, 469421),
(45, 197, 'Standard Double Room', 2, 0, 1, NULL, 0, 180427),
(45, 198, 'Deluxe Double Room', 2, 0, 1, NULL, 0, 259365),
(46, 199, 'Superior King Room Only\n \n - Holiday Promo', 2, 0, 0, 15, 0, 185950),
(46, 200, 'Superior King Room Only\n \n - HOT PROMO', 2, 0, 0, 15, 0, 260330),
(46, 201, 'Superior King Breakfast\n \n - Holiday Promo', 2, 1, 0, 15, 0, 201446),
(46, 202, 'Superior King Breakfast\n \n - HOT PROMO', 2, 1, 0, 15, 0, 282024),
(46, 203, 'Superior King Breakfast', 2, 1, 0, 15, 0, 402892),
(46, 204, 'Superior Twin Room Only\n \n - Holiday Promo', 2, 0, 0, 15, 0, 216942),
(46, 205, 'Superior Twin Room Only\n \n - HOT PROMO', 2, 0, 0, 15, 0, 303719),
(46, 206, 'Superior Twin Breakfast\n \n - Holiday Promo', 2, 1, 0, 15, 0, 232438),
(46, 207, 'Superior Twin Breakfast\n \n - HOT PROMO', 2, 1, 0, 15, 0, 325413),
(46, 208, 'Superior Twin Breakfast', 2, 1, 0, 15, 0, 464876),
(46, 209, 'The Villas Room Only\n \n - Holiday Promo', 6, 0, 0, 140, 0, 743802),
(46, 210, 'The Villas Room Only\n \n - HOT PROMO', 6, 0, 0, 140, 0, 1041322),
(46, 211, 'The Villas Breakfast\n \n - Holiday Promo', 6, 1, 0, 140, 0, 790289),
(46, 212, 'The Villas Breakfast\n \n - HOT PROMO', 6, 1, 0, 140, 0, 1106405),
(47, 213, 'Superior Room', 2, 1, 1, 12, 0, 291694),
(47, 214, 'Deluxe Room', 2, 1, 1, 12, 0, 340302),
(47, 215, 'Executive Twin Bed', 2, 1, 1, 20, 0, 388916),
(48, 216, 'Superior Room Only', 2, 0, 1, 16.5, 0, 264463),
(48, 217, 'Superior', 2, 1, 1, 16.5, 0, 322314),
(48, 218, 'Suite', 2, 1, 1, 21.5, 0, 371901),
(48, 219, 'Family', 3, 1, 1, 21.5, 0, 475207),
(49, 220, 'Standart Room', 2, 0, 0, NULL, 0, 189256),
(50, 221, 'Deluxe Double Room', 2, 0, 0, 13.6, 0, 220732),
(51, 222, 'Deluxe Room Only', 2, 0, 1, 26, 0, 371901),
(51, 223, 'Superior Quadran Room Only', 4, 0, 1, 19, 0, 388430),
(51, 224, 'Deluxe Room', 2, 1, 1, 26, 0, 454545),
(51, 225, 'Superior Quadran', 4, 1, 1, 19, 0, 471074),
(52, 226, 'Superior Double Room only\n \n - hot deal', 2, 0, 1, 17.5, 0, 260331),
(52, 227, 'Superior Double Room only\n \n - LAST MINUTE', 2, 0, 1, 17.5, 0, 274793),
(52, 228, 'Superior Double Room only', 2, 0, 1, 17.5, 0, 289256),
(52, 229, 'Deluxe Twin Room Only\n \n - hot deal', 2, 0, 1, 23, 0, 282645),
(52, 230, 'Deluxe Twin Room Only\n \n - LAST MINUTE', 2, 0, 1, 23, 0, 298347),
(52, 231, 'Deluxe Twin Room Only', 2, 0, 1, 23, 0, 314050),
(52, 232, 'Deluxe Twin Room Breakfast\n \n - hot deal', 2, 1, 1, 23, 0, 312955),
(52, 233, 'Deluxe Twin Room Breakfast\n \n - LAST MINUTE', 2, 1, 1, 23, 0, 330341),
(52, 234, 'Deluxe Twin Room Breakfast', 2, 1, 1, 23, 0, 347727),
(52, 235, 'Executive Double or Twin Room Only\n \n - hot deal', 2, 0, 1, 28, 0, 316116),
(52, 236, 'Executive Double or Twin Room Only\n \n - LAST MINUT', 2, 0, 1, 28, 0, 333678),
(52, 237, 'Executive Double or Twin Room Only', 2, 0, 1, 28, 0, 351240),
(53, 238, 'Keratenagara Garden View tanpa Sarapan Pagi', 2, 0, 0, 108, 0, 971074),
(53, 239, 'Keratenagara Garden View', 2, 1, 0, 108, 0, 1074380),
(53, 240, 'Kertanegara Pool View tanpa Sarapan Pagi', 2, 0, 0, 108, 0, 1095041),
(53, 241, 'Kertanegara Pool View', 2, 1, 0, 108, 0, 1198347),
(53, 242, 'Singhasari Garden View without Breakfast', 4, 0, 0, 206, 0, 2520661),
(53, 243, 'Singhasari River Side without Breakfast', 4, 0, 0, 206, 0, 2892562),
(53, 244, 'Singhasari River Side', 4, 1, 0, 206, 0, 3099174),
(54, 245, 'Standard Twin Room', 2, 0, 1, NULL, 0, 135892),
(54, 246, 'Standard Double Room', 2, 0, 1, NULL, 0, 149950),
(54, 247, 'Deluxe Double Room', 2, 0, 1, NULL, 0, 187437),
(54, 248, 'Deluxe Twin Room', 2, 0, 1, NULL, 0, 187437),
(55, 249, 'Standard Twin (2 Kasur Single)', 2, 1, 1, 25.9, 0, 289256),
(55, 250, 'Deluxe Queen Bed (1 Kasur Besar / Queen Size)', 2, 1, 1, 25.9, 0, 330579),
(56, 251, 'double grand promo apps', 2, 0, 1, NULL, 0, 123966),
(57, 252, 'Superior Room Only', 2, 0, 1, NULL, 0, 185950),
(57, 253, 'Superior', 2, 1, 1, NULL, 0, 206611),
(57, 254, 'Family Room Only', 3, 0, 1, NULL, 0, 305785),
(57, 255, 'Family', 3, 1, 1, NULL, 0, 326446),
(58, 256, 'Standard Double Room', 2, 0, 1, 9, 0, 169150),
(58, 257, 'Deluxe Double Room', 2, 0, 1, 9, 0, 259365),
(58, 258, 'Suite Double', 2, 0, 1, 10, 0, 310110),
(59, 259, 'Standard Double Room', 2, 0, 1, 15, 0, 191704),
(59, 260, 'Suite Twin', 2, 0, 1, 20, 0, 306727),
(59, 261, 'Suite Double', 2, 0, 1, 20, 0, 306727),
(59, 262, 'Suite Family', 3, 0, 1, 27, 0, 479261),
(60, 263, 'Standard Double Room', 2, 0, 1, NULL, 0, 225534),
(60, 264, 'Suite Family', 2, 0, 1, NULL, 0, 563837),
(61, 265, 'Standard Double Room', 2, 0, 1, NULL, 0, 187437),
(61, 266, 'Deluxe Double Room', 2, 0, 1, NULL, 0, 234296),
(61, 267, 'Deluxe Twin Room', 2, 0, 1, NULL, 0, 234296),
(61, 268, 'Suite Family Room', 3, 0, 1, NULL, 0, 468594),
(62, 269, 'Standard Double Room', 2, 0, 1, NULL, 0, 146597),
(63, 270, 'Standard 2 Bed Room Only / No Refund', 2, 0, 0, NULL, 0, 163636),
(63, 271, 'Standard 3 Bed Room Only / No Refund', 3, 0, 0, NULL, 0, 240909),
(63, 272, 'Moderate 2 Bed Room Only / No Refund', 2, 0, 0, NULL, 0, 272727),
(63, 273, 'Moderate 3 Bed Room Only / No Refund', 3, 0, 0, NULL, 0, 409091),
(63, 274, 'Moderate 4 Bed Room Only / No Refund', 4, 0, 0, NULL, 0, 545455),
(63, 275, 'Superior Room Only / No Refund', 4, 0, 0, NULL, 0, 681818),
(64, 276, 'Standard Twin', 2, 0, 0, NULL, 0, 140578),
(64, 277, 'Standard Double', 2, 0, 0, NULL, 0, 159322),
(65, 278, 'Family 2', 2, 1, 1, 20, 0, 524793),
(65, 279, 'Exclusive 2', 2, 1, 1, 19, 0, 553719),
(66, 280, 'Standard Double Room', 2, 0, 1, NULL, 0, 180427),
(66, 281, 'Deluxe Double Room', 2, 0, 1, NULL, 0, 259365),
(67, 282, 'Deluxe Room', 2, 0, 1, 17, 0, 353546),
(68, 283, 'RedDoorz Family Room\n \n - Basic Deal', 4, 0, 1, NULL, 0, 208842),
(68, 284, 'RedDoorz Family Room\n \n - Last Minute Promotion', 4, 0, 1, NULL, 0, 208842),
(69, 285, 'Standard Twin Room with Breakfast', 2, 1, 1, NULL, 0, 380826),
(69, 286, 'Standard Double Room with Breakfast', 2, 1, 1, NULL, 0, 380826),
(69, 287, 'Family Room with Breakfast', 3, 1, 1, NULL, 0, 835371),
(70, 288, 'Superior Room', 2, 1, 1, NULL, 0, 359504),
(70, 289, 'Executive Room', 2, 1, 1, 24, 0, 495868),
(71, 290, 'Standard Non AC\n \n - Minimum Stay Two Nights', 2, 0, 0, NULL, 0, 119967),
(71, 291, 'Standard Non AC\n \n - Basic Deal 40%', 2, 0, 0, NULL, 0, 133297),
(71, 292, 'Standard Non AC', 2, 0, 0, NULL, 0, 222162),
(71, 293, 'Superior Non AC\n \n - Minimum Stay Two Nights', 2, 0, 0, NULL, 0, 135964),
(71, 294, 'Superior Non AC\n \n - Basic Deal 40%', 2, 0, 0, NULL, 0, 151070),
(71, 295, 'Superior Non AC', 2, 0, 0, NULL, 0, 251784),
(71, 296, 'Standard Family\n \n - Minimum Stay Two Nights', 4, 0, 0, NULL, 0, 239936),
(71, 297, 'Standard Family\n \n - Basic Deals 40%', 4, 0, 0, NULL, 0, 266595),
(71, 298, 'Standard Family', 4, 0, 0, NULL, 0, 444325),
(71, 299, 'Family\n \n - Minimum Stay Two Nights', 6, 0, 0, NULL, 0, 295921),
(71, 300, 'Family\n \n - Basic Deal 40%', 6, 0, 0, NULL, 0, 328800),
(72, 301, 'RedDoorz Room\n \n - Basic Deal', 2, 0, 1, NULL, 0, 125619),
(72, 302, 'RedDoorz Room', 2, 0, 1, NULL, 0, 132231),
(73, 303, 'Deluxe Room\n \n - Best Deal', 2, 1, 1, 28, 0, 1264462),
(73, 304, 'Superior Deluxe Room\n \n - Special Deal', 2, 1, 1, 36, 0, 1615702),
(73, 305, 'Executive Room\n \n - Best Deal', 2, 1, 1, 36, 0, 1931818),
(73, 306, 'Royal Suite\n \n - Special Deal', 2, 1, 1, 56, 0, 3863636),
(73, 307, 'Royal Suite', 2, 1, 1, 56, 0, 4545454),
(73, 308, 'Presidential Suite', 4, 1, 1, 92, 0, 8264462),
(74, 309, 'Standard Room', 2, 0, 0, NULL, 0, 195737),
(75, 310, 'Superior Twin Room Only\n \n - Special Promo July 45', 2, 0, 1, NULL, 0, 159409),
(75, 311, 'Superior Twin Room Only\n \n - Special Promo July 42', 2, 0, 1, NULL, 0, 168104),
(75, 312, 'Superior Twin Room Only', 2, 0, 1, NULL, 0, 289834),
(75, 313, 'Superior Double Room Only\n \n - Special Promo July ', 2, 0, 1, NULL, 0, 159409),
(75, 314, 'Superior Double Room Only\n \n - Special Promo July ', 2, 0, 1, NULL, 0, 168104),
(75, 315, 'Superior Double Room Only', 2, 0, 1, NULL, 0, 289834),
(76, 316, 'Standard Twin Room', 2, 0, 0, 30, 0, 180409),
(77, 317, 'Standard Room', 2, 0, 1, NULL, 0, 144628),
(77, 318, 'Standard Room WIth Hot Water', 2, 0, 1, NULL, 0, 206612),
(77, 319, 'VIP Room', 2, 0, 1, NULL, 0, 276860),
(77, 320, 'VIP 2 Bedroom', 4, 0, 1, NULL, 0, 280992),
(77, 321, 'Villa 3 Kamar', 6, 0, 1, NULL, 0, 702479),
(78, 322, 'Superior Room', 2, 0, 0, 15, 0, 148760),
(78, 323, 'Quad Family Room', 4, 0, 0, 25, 0, 231405),
(79, 324, 'Superior Room', 2, 1, 1, NULL, 0, 206612),
(79, 325, 'Standard Room', 2, 1, 1, NULL, 0, 206612),
(80, 326, 'Standard Double Room', 2, 0, 1, 9, 0, 234296),
(80, 327, 'Standard Twin Room', 2, 0, 1, 9, 0, 234296),
(80, 328, 'Deluxe Double Room', 2, 0, 1, 11, 0, 257727),
(80, 329, 'Suite Triple Room', 3, 0, 1, 12, 0, 527169),
(80, 330, 'Suite Family Room', 4, 0, 1, 18, 0, 585743),
(81, 331, 'Superior Double Room Only\n \n - Special Promo July ', 2, 0, 1, NULL, 0, 194221),
(81, 332, 'Superior Double Room Only', 2, 0, 1, NULL, 0, 269752),
(82, 333, 'Standard Room', 2, 0, 1, NULL, 0, 115702),
(83, 334, 'Standard Twin Room Breakfast', 2, 1, 1, 24, 0, 268595),
(83, 335, 'Superior Room Only', 2, 0, 1, NULL, 0, 285124),
(83, 336, 'Superior Room Breakfast', 2, 1, 1, 24, 0, 309917),
(83, 337, 'Deluxe Garden Room with Breakfast', 2, 1, 1, 24, 0, 413223),
(83, 338, 'Family 3rd Floor Breakfast', 3, 1, 0, 36, 0, 454545),
(83, 339, 'Family Room with Breakfast', 3, 1, 1, 36, 0, 557851),
(84, 340, 'Villa 3 Bedroom', 6, 0, 0, NULL, 0, 631988),
(85, 341, 'Standard Twin Room Only\n \n - Special Promo July 45', 2, 0, 1, NULL, 0, 207681),
(85, 342, 'Standard Twin Room Only', 2, 0, 1, NULL, 0, 377603),
(85, 343, 'Standard Double Room Only\n \n - Special Promo July ', 2, 0, 1, NULL, 0, 207681),
(85, 344, 'Standard Double Room Only\n \n - Special Promo July ', 2, 0, 1, NULL, 0, 219009),
(85, 345, 'Standard Double Room Only', 2, 0, 1, NULL, 0, 377603),
(86, 346, 'Smart Room', 2, 0, 1, 10, 0, 111570),
(87, 347, 'Standard Twin Room Breakfast\n \n - Special Discount', 2, 1, 1, 20, 0, 223140),
(87, 348, 'Deluxe Double Room Breakfast\n \n - Special Discount', 2, 1, 1, 30, 0, 260331),
(88, 349, 'RedDoorz Room\n \n - Basic Deal', 2, 0, 1, NULL, 0, 157024),
(88, 350, 'RedDoorz Room', 2, 0, 1, NULL, 0, 165289),
(89, 351, 'Deluxe Double Room', 2, 0, 1, NULL, 0, 257727),
(89, 352, 'Deluxe Twin Room', 2, 0, 1, NULL, 0, 257727),
(90, 353, 'Standard Room', 2, 0, 0, 9, 0, 70248),
(90, 354, 'Standard Plus Room', 2, 0, 0, 9, 0, 82645),
(90, 355, 'Double Room', 2, 0, 0, 9, 0, 95041),
(91, 356, 'Room Melati - 1 Double Bed', 2, 0, 1, 12, 0, 165289),
(91, 357, 'Family Anggrek - 2 Double Bed', 4, 0, 1, 36, 0, 330579),
(92, 358, 'Standard Room Only', 2, 0, 1, NULL, 0, 107438),
(93, 359, 'Standard Room', 2, 0, 1, NULL, 0, 108264),
(94, 360, 'Standard Twin Room', 2, 0, 1, NULL, 0, 234296),
(94, 361, 'Deluxe Double Room', 2, 0, 1, NULL, 0, 281156),
(94, 362, 'Suite Family', 3, 0, 1, NULL, 0, 585743),
(95, 363, 'Superior Deluxe Room Only\n \n - 25% OFF - LS 2', 2, 0, 1, NULL, 0, 1487603),
(95, 364, 'Superior Deluxe Room Only', 2, 0, 1, NULL, 0, 1983471),
(95, 365, 'Superior Deluxe Include Breakfast\n \n - 25% OFF - L', 2, 1, 1, NULL, 0, 1611570),
(95, 366, 'Superior Deluxe Include Breakfast', 2, 1, 1, NULL, 0, 2148760),
(95, 367, 'The Executive Suite Room Only\n \n - 25% OFF - LS 2', 2, 0, 1, NULL, 0, 1735537),
(95, 368, 'The Executive Suite Room Only', 2, 0, 1, NULL, 0, 2314049),
(95, 369, 'The Executive Suite include breakfast\n \n - 25% OFF', 2, 1, 0, NULL, 0, 1859504),
(95, 370, 'The Executive Suite include breakfast', 2, 1, 0, NULL, 0, 2479338),
(95, 371, 'The Babah Suites Room Only\n \n - 25% OFF - LS 2', 2, 0, 1, NULL, 0, 2181818),
(95, 372, 'The Babah Suites Room Only', 2, 0, 1, NULL, 0, 2909090),
(95, 373, 'Devata Suites Room Only\n \n - 25% OFF - LS 2', 2, 0, 1, NULL, 0, 2181818),
(95, 374, 'Devata Suites Room Only', 2, 0, 1, NULL, 0, 2909090),
(95, 375, 'Zamrud Suites Room Only\n \n - 25% OFF - LS 2', 2, 0, 1, NULL, 0, 2181818),
(95, 376, 'Zamrud Suites Room Only', 2, 0, 1, NULL, 0, 2909090),
(95, 377, 'Honey Moonlight Suite Room Only\n \n - 25% OFF - LS ', 2, 0, 1, NULL, 0, 2231405),
(95, 378, 'Honey Moonlight Suite Room Only', 2, 0, 1, NULL, 0, 2975206),
(95, 379, 'The Babah Suites include breakfast\n \n - 25% OFF - ', 2, 1, 1, NULL, 0, 2305785),
(95, 380, 'The Babah Suites include breakfast', 2, 1, 1, NULL, 0, 3074380),
(95, 381, 'Devata Suites Include Breakfast\n \n - 25% OFF - LS ', 2, 1, 1, NULL, 0, 2305785),
(95, 382, 'Devata Suites Include Breakfast', 2, 1, 1, NULL, 0, 3074380),
(95, 383, 'Zamrud Suites Include breakfast\n \n - 25% OFF - LS ', 2, 1, 1, NULL, 0, 2305785),
(95, 384, 'Zamrud Suites Include breakfast', 2, 1, 1, NULL, 0, 3074380),
(95, 385, 'Honey Moonlight Suite Include Breakfast\n \n - 25% O', 2, 1, 1, NULL, 0, 2355371),
(95, 386, 'Honey Moonlight Suite Include Breakfast', 2, 1, 1, NULL, 0, 3140495),
(95, 387, 'Raden Saleh Suite Room Only\n \n - 25% OFF - LS 2', 2, 0, 1, NULL, 0, 4809917),
(95, 388, 'Raden Saleh Suite Room Only', 2, 0, 1, NULL, 0, 6413223),
(95, 389, 'Raden Saleh Suite Include Breakfast\n \n - 25% OFF -', 2, 1, 1, NULL, 0, 4933884),
(95, 390, 'Raden Saleh Suite Include Breakfast', 2, 1, 1, NULL, 0, 6578512),
(95, 391, 'Apsara Residence Include Breakfast\n \n - 25% OFF - ', 2, 1, 1, NULL, 0, 12520661),
(95, 392, 'Apsara Residence Include Breakfast', 2, 1, 1, NULL, 0, 16694214),
(96, 393, 'Villa 3 Bedroom', 6, 0, 0, NULL, 0, 433884),
(97, 394, 'Deluxe Room', 2, 1, 0, NULL, 0, 413223),
(98, 395, 'Superior Twin Room with Breakfast\n \n - Special Pro', 2, 1, 1, NULL, 0, 299409),
(98, 396, 'Superior Twin Room with Breakfast\n \n - Special Pro', 2, 1, 1, NULL, 0, 391953),
(98, 397, 'Superior Twin Room with Breakfast', 2, 1, 1, NULL, 0, 544380),
(99, 398, 'Budget Double Room', 2, 0, 1, NULL, 0, 99174),
(99, 399, 'Superior Room', 2, 0, 1, NULL, 0, 103306),
(100, 400, 'RedDoorz Twin Room\n \n - Basic Deal', 2, 0, 1, NULL, 0, 164876),
(100, 401, 'RedDoorz Twin Room\n \n - Last Minute', 2, 0, 1, NULL, 0, 164876),
(100, 402, 'RedDoorz Twin Room', 2, 0, 1, NULL, 0, 173553),
(101, 403, 'Family Room\n \n - Basic Deal', 3, 0, 1, NULL, 0, 172727),
(102, 404, 'Deluxe Double Room Only\n \n - Special Promo July 45', 2, 0, 1, NULL, 0, 189409),
(102, 405, 'Deluxe Double Room Only\n \n - Special Promo July 42', 2, 0, 1, NULL, 0, 199740),
(102, 406, 'Deluxe Double Room Only', 2, 0, 1, NULL, 0, 344380),
(102, 407, 'Superior Double Room with Breakfast\n \n - Special P', 2, 1, 1, NULL, 0, 209454),
(102, 408, 'Superior Double Room with Breakfast\n \n - Special P', 2, 1, 1, NULL, 0, 220879),
(102, 409, 'Superior Double Room with Breakfast', 2, 1, 1, NULL, 0, 380826),
(102, 410, 'Pavilion Family Room Only\n \n - Special Promo July ', 2, 0, 1, NULL, 0, 234454),
(102, 411, 'Pavilion Family Room Only\n \n - Special Promo July ', 2, 0, 1, NULL, 0, 247242),
(102, 412, 'Pavilion Family Room Only', 2, 0, 1, NULL, 0, 426280),
(102, 413, 'Pavilion Family Room with Breakfast\n \n - Special P', 2, 1, 1, NULL, 0, 254409),
(102, 414, 'Pavilion Family Room with Breakfast\n \n - Special P', 2, 1, 1, NULL, 0, 268285),
(102, 415, 'Pavilion Family Room with Breakfast', 2, 1, 1, NULL, 0, 462561),
(102, 416, 'Family Family Room Only\n \n - Special Promo July 45', 2, 0, 1, NULL, 0, 274409),
(102, 417, 'Family Family Room Only\n \n - Special Promo July 42', 2, 0, 1, NULL, 0, 289376),
(102, 418, 'Family Family Room Only', 2, 0, 1, NULL, 0, 498925),
(103, 419, 'Villa 3 Bedroom', 3, 0, 0, 6, 0, 991736),
(104, 420, 'Standard Fan', 2, 1, 1, 20, 0, 229463),
(104, 421, 'Standard AC', 2, 1, 1, 20, 0, 255909),
(105, 422, 'Standard Double Room', 2, 0, 1, NULL, 0, 159322),
(105, 423, 'Deluxe Double Room', 2, 0, 1, NULL, 0, 234296),
(106, 424, 'Standard Room', 2, 1, 0, NULL, 0, 330579),
(106, 425, 'Superior Room', 2, 1, 0, NULL, 0, 413223),
(107, 426, 'Standard Twin Room Only\n \n - Special Promo July 28', 2, 0, 1, NULL, 0, 164409),
(107, 427, 'Standard Twin Room Only', 2, 0, 1, NULL, 0, 228347),
(108, 428, 'Kamar Standard Plus (Water Heater)\n \n - Nginep mak', 2, 0, 1, NULL, 0, 105785),
(108, 429, 'Kamar Standard Plus (Water Heater)\n \n - Last minut', 2, 0, 1, NULL, 0, 119008),
(108, 430, 'Kamar Standard Plus (Water Heater)\n \n - Promo Spes', 2, 0, 1, NULL, 0, 119008),
(108, 431, 'Kamar Standard Plus (Water Heater)', 2, 0, 1, NULL, 0, 132231),
(108, 432, 'Family Room\n \n - Promo khusus malam ini', 4, 0, 1, NULL, 0, 170455),
(108, 433, 'Family Room\n \n - Promo Spesial', 4, 0, 1, NULL, 0, 204545),
(108, 434, 'Family Room', 4, 0, 1, NULL, 0, 227273),
(109, 435, 'Villa 2 Bedrooms', 6, 0, 0, NULL, 0, 332562),
(110, 436, 'Triple Family Room Only\n \n - Special Promo July 48', 3, 0, 1, NULL, 0, 256561),
(110, 437, 'Triple Family Room Only\n \n - Special Promo July 45', 3, 0, 1, NULL, 0, 271363),
(110, 438, 'Triple Family Room Only', 3, 0, 1, NULL, 0, 493388),
(111, 439, 'Queen Room', 2, 0, 1, NULL, 0, 202479),
(112, 440, 'Deluxe Double', 2, 0, 0, NULL, 0, 136448),
(112, 441, 'Deluxe Twin', 2, 0, 0, NULL, 0, 136448),
(112, 442, 'Suite Double', 2, 0, 0, NULL, 0, 281918),
(113, 443, 'Deluxe Double Room', 2, 0, 1, 245, 0, 1099126),
(113, 444, 'Deluxe Twin Room', 2, 0, 1, 245, 0, 1099126),
(113, 445, 'Suite Triple', 3, 0, 1, 21, 0, 2248213),
(114, 446, 'Standard Double', 2, 0, 0, NULL, 0, 202981),
(115, 447, 'Standard Room Only\n \n - Basic Deal 40%', 2, 0, 0, NULL, 0, 123967),
(115, 448, 'Standard Room Only\n \n - Last Minute Booking 40%', 2, 0, 0, NULL, 0, 123967),
(115, 449, 'Standard Room Only\n \n - Minimum Stay', 2, 0, 0, NULL, 0, 126033),
(115, 450, 'Standard Room\n \n - Minimum Stay', 2, 1, 0, NULL, 0, 136341),
(115, 451, 'Standard Room\n \n - Last Minute Booking', 2, 1, 0, NULL, 0, 138692),
(115, 452, 'Standard Room\n \n - Basic Deal 40%', 2, 1, 0, NULL, 0, 141043),
(115, 453, 'Standard Room', 2, 1, 0, NULL, 0, 235071),
(115, 454, 'Deluxe Room Only\n \n - Minimum Stay', 2, 0, 0, NULL, 0, 179752),
(115, 455, 'Deluxe Room Only\n \n - Last Minute Booking', 2, 0, 0, NULL, 0, 182851),
(115, 456, 'Deluxe Room Only\n \n - Basic Deal 40%', 2, 0, 0, NULL, 0, 185950),
(115, 457, 'Deluxe Room\n \n - Minimum Stay 2 Nights 43%', 2, 1, 0, NULL, 0, 196259),
(115, 458, 'Deluxe Room\n \n - Last Minute Booking 3 Days 41%', 2, 1, 0, NULL, 0, 199642),
(115, 459, 'Deluxe Room\n \n - Basic Deal 40%', 2, 1, 0, NULL, 0, 203026),
(115, 460, 'Deluxe Room', 2, 1, 0, NULL, 0, 338377),
(116, 461, 'Standard Double Room', 2, 0, 1, NULL, 0, 159322),
(116, 462, 'Suite Family Room', 3, 0, 1, NULL, 0, 398305),
(117, 463, 'Villa 3 Bedroom', 8, 0, 0, NULL, 0, 1454545),
(118, 464, 'Standard Room Only', 6, 0, 0, NULL, 0, 454545),
(119, 465, 'Standard Twin Room', 2, 0, 1, NULL, 0, 253726),
(120, 466, 'Superior Twin Room Only', 2, 0, 1, NULL, 0, 206612),
(120, 467, 'Superior Double Room Only', 2, 0, 1, NULL, 0, 206612),
(121, 468, 'Standard Twin Room Only\n \n - Special Promo July 48', 2, 0, 1, NULL, 0, 92353),
(121, 469, 'Standard Twin Room Only', 2, 0, 1, NULL, 0, 177603),
(121, 470, 'Standard Double Room Only\n \n - Special Promo July ', 2, 0, 1, NULL, 0, 92353),
(121, 471, 'Standard Double Room Only', 2, 0, 1, NULL, 0, 177603),
(122, 472, 'Standard Double Room', 2, 0, 1, NULL, 0, 206181),
(122, 473, 'Standard Twin Room', 2, 0, 1, NULL, 0, 206181),
(123, 474, 'Backpacker Villa 2 Kamar', 6, 1, 1, 40, 0, 413223),
(124, 475, 'Superior Twin Room', 2, 1, 1, 16, 0, 354545),
(124, 476, 'Deluxe King Room', 2, 1, 1, 18, 0, 400000),
(124, 477, 'Family Room', 2, 1, 1, 24, 0, 681818),
(125, 478, 'VILLA', 6, 0, 1, NULL, 0, 1231405),
(126, 479, 'Deluxe (AC)', 2, 1, 1, NULL, 0, 199319),
(126, 480, 'Deluxe Plus (AC)', 3, 1, 1, NULL, 0, 218764),
(126, 481, 'Superior (heater+AC)', 2, 1, 1, NULL, 0, 238211),
(126, 482, 'Family (heater+AC)', 3, 1, 1, NULL, 0, 335440),
(127, 483, 'Standard Double Room Only\n \n - Special Promo July ', 2, 0, 1, NULL, 0, 179454),
(127, 484, 'Standard Double Room with Breakfast\n \n - Special P', 2, 1, 1, NULL, 0, 199454),
(128, 485, 'Deluxe Room', 2, 1, 0, NULL, 1, 371901),
(129, 486, 'Superior Double Room', 2, 0, 1, NULL, 0, 185950),
(129, 487, 'Superior Twin Room', 2, 0, 1, NULL, 0, 185950),
(130, 488, 'Standard Twin Room Only\n \n - Special Promo July 45', 2, 0, 1, NULL, 1, 169409),
(130, 489, 'Standard Twin Room Only\n \n - Special Promo July 33', 2, 0, 1, NULL, 0, 206371),
(130, 490, 'Standard Twin Room Only', 2, 0, 1, NULL, 0, 308016),
(130, 491, 'Standard Double Room Only\n \n - Special Promo July ', 2, 0, 1, NULL, 1, 169409),
(130, 492, 'Standard Double Room Only\n \n - Special Promo July ', 2, 0, 1, NULL, 0, 206371),
(130, 493, 'Standard Double Room Only', 2, 0, 1, NULL, 0, 308016),
(131, 494, 'Superior Twin Room Only\n \n - Minimum Stay', 2, 0, 0, NULL, 0, 129385),
(131, 495, 'Superior Twin Room Only\n \n - Last Minute Deal', 2, 0, 0, NULL, 0, 133925),
(131, 496, 'Superior Twin Room Only\n \n - Basic Deal', 2, 0, 0, NULL, 0, 136195),
(131, 497, 'Superior Double Room Only\n \n - Minimum Stay', 2, 0, 0, NULL, 0, 129385),
(131, 498, 'Superior Double Room Only\n \n - Last Minute Deal', 2, 0, 0, NULL, 0, 133925),
(131, 499, 'Superior Double Room Only\n \n - Basic Deal', 2, 0, 0, NULL, 0, 136195),
(131, 500, 'Superior Twin\n \n - Minimum Stay', 2, 0, 0, NULL, 0, 143517),
(131, 501, 'Superior Twin\n \n - Last Minute Deal', 2, 0, 0, NULL, 0, 148553),
(131, 502, 'Superior Twin\n \n - Basic Deal', 2, 0, 0, NULL, 0, 151071),
(131, 503, 'Superior Twin', 2, 0, 0, NULL, 0, 251785),
(131, 504, 'Superior Double\n \n - Minimum Stay', 2, 0, 0, NULL, 0, 143517),
(131, 505, 'Superior Double\n \n - Last Minute Deal', 2, 0, 0, NULL, 0, 148553),
(131, 506, 'Superior Double\n \n - Basic Deal', 2, 0, 0, NULL, 0, 151071),
(131, 507, 'Superior Double', 2, 0, 0, NULL, 0, 251785),
(131, 508, 'Deluxe Room Only\n \n - Minimum Stay', 3, 0, 0, NULL, 0, 188269),
(131, 509, 'Deluxe Room Only\n \n - Last Minute Deal', 3, 0, 0, NULL, 0, 194875),
(131, 510, 'Deluxe Room Only\n \n - Basic Deal', 3, 0, 0, NULL, 0, 198178),
(131, 511, 'Deluxe Room\n \n - Minimum Stay', 2, 1, 0, NULL, 0, 202401),
(131, 512, 'Deluxe Room\n \n - Last Minute Deal', 2, 1, 0, NULL, 0, 209503),
(131, 513, 'Deluxe Room\n \n - Basic Deal', 2, 1, 0, NULL, 0, 213054),
(131, 514, 'Deluxe Room', 2, 1, 0, NULL, 0, 355090),
(132, 515, 'Superior Room', 2, 1, 1, NULL, 0, 247934),
(133, 516, 'Standard Room Only', 2, 0, 1, NULL, 0, 123967),
(133, 517, 'VIP Room Only', 2, 0, 1, NULL, 0, 206612),
(134, 518, 'Standard Twin Room', 2, 0, 0, NULL, 0, 140909),
(134, 519, 'Suite Double Room', 2, 0, 0, NULL, 0, 204545),
(134, 520, 'Standard Triple Room', 3, 0, 0, NULL, 0, 209091),
(134, 521, 'Twin AC Room', 2, 0, 0, NULL, 0, 254545),
(134, 522, 'Suite Triple Room', 3, 0, 0, NULL, 0, 304545),
(134, 523, 'Triple AC Room', 3, 0, 0, NULL, 0, 381818),
(135, 524, 'Standart C', 2, 1, 1, NULL, 0, 169421),
(135, 525, 'Standart B+', 2, 1, 0, NULL, 0, 204959),
(135, 526, 'VIP A', 2, 1, 1, NULL, 0, 299174),
(136, 527, 'Tigris Room', 2, 1, 0, NULL, 0, 330579),
(136, 528, 'Villa Gihon', 4, 1, 0, NULL, 0, 743802),
(137, 529, 'Standard Double Room', 2, 0, 1, NULL, 0, 157874),
(137, 530, 'Deluxe Twin Room', 2, 0, 1, 24, 0, 173662),
(138, 531, 'Standard Twin Room With Breakfast\n \n - Special Pro', 2, 1, 1, NULL, 0, 238806),
(138, 532, 'Standard Twin Room With Breakfast', 2, 1, 1, NULL, 0, 411735),
(138, 533, 'Deluxe Double Room with Breakfast\n \n - Special Pro', 2, 1, 1, NULL, 0, 238806),
(138, 534, 'Deluxe Double Room with Breakfast', 2, 1, 1, NULL, 0, 411735),
(139, 535, 'Two Bedroom', 4, 0, 0, 12.2, 0, 454545),
(140, 536, 'Deluxe Bed', 3, 0, 0, NULL, 0, 165289),
(141, 537, 'Villa', 2, 0, 0, NULL, 0, 495868),
(142, 538, 'Flamboyan Deluxe', 2, 1, 1, NULL, 0, 413223),
(142, 539, 'Hotel', 2, 0, 1, NULL, 0, 413223),
(143, 540, 'Standard Room Only 2 Beds Room', 4, 0, 1, NULL, 0, 392562),
(143, 541, 'Standard Room Only 3 Beds Room', 6, 0, 1, NULL, 0, 537190),
(144, 542, 'Deluxe Twin Room Only\n \n - Special Promo July 45', 2, 0, 1, 18, 0, 139409),
(144, 543, 'Deluxe Twin Room Only', 2, 0, 1, 18, 0, 253471),
(145, 544, 'Two Bedroom', 5, 1, 1, NULL, 0, 359504),
(146, 545, 'KAMAR STANDART  (Kamar Mandi Luar - Private)', 2, 1, 1, 12, 0, 235537),
(146, 546, 'KAMAR DELUXE', 2, 1, 1, 20, 0, 351240),
(147, 547, 'Standard Room', 2, 1, 0, NULL, 0, 181818),
(148, 548, 'Inez 2', 4, 0, 1, NULL, 0, 661157),
(149, 549, 'Standard Double Room', 2, 0, 1, NULL, 0, 146597),
(150, 550, 'Standard Double Room', 2, 0, 1, NULL, 0, 225534),
(150, 551, 'Standard Twin Room', 2, 0, 1, NULL, 0, 253726),
(150, 552, 'Suite Family Room', 3, 0, 1, NULL, 0, 563837),
(151, 553, 'Rumah 2 Kamar', 3, 0, 1, NULL, 0, 412603),
(152, 554, 'Standard Double Room', 2, 0, 1, NULL, 0, 169150),
(152, 555, 'Deluxe Double Room', 2, 0, 1, NULL, 0, 248088),
(153, 556, 'Superior Double Room Only', 2, 0, 1, NULL, 0, 289834),
(154, 557, 'Standart room\n \n - Trial Open Promo', 2, 0, 0, 20, 0, 79339),
(154, 558, 'Standart room', 2, 0, 0, 20, 0, 132231),
(155, 559, 'Deluxe Double/Twin Room Only', 2, 0, 1, NULL, 0, 247934),
(156, 560, '3 Bedroom', 6, 0, 0, NULL, 0, 495868),
(157, 561, 'Villa 2 Bedroom', 4, 0, 0, NULL, 0, 342975),
(158, 562, 'Standard Room Only', 2, 0, 1, NULL, 0, 194458),
(158, 563, 'VIP Hot Water', 2, 0, 1, NULL, 0, 243073),
(158, 564, 'Deluxe Room', 2, 0, 1, NULL, 0, 340302),
(158, 565, 'Familly Room', 4, 0, 1, NULL, 0, 486145),
(159, 566, 'Villa 3 Bedroom', 6, 0, 0, NULL, 0, 826446),
(160, 567, 'Deluxe Double Room with Breakfast\n \n - Special Pro', 2, 1, 1, NULL, 0, 283715),
(160, 568, 'Deluxe Double Room with Breakfast', 2, 1, 1, NULL, 0, 394049),
(161, 569, 'Standard Twin Room', 2, 0, 1, NULL, 0, 234296),
(161, 570, 'Suite Family', 3, 0, 1, NULL, 0, 585743),
(162, 571, 'Omah 1', 2, 0, 1, NULL, 0, 103306),
(162, 572, 'omah 2 Kamar', 4, 0, 1, NULL, 0, 330579),
(162, 573, 'Omah 3 Kamar', 6, 0, 1, NULL, 0, 495868),
(163, 574, 'Standard Twin Room Only\n \n - Special Promo July 33', 2, 0, 1, NULL, 0, 214289),
(163, 575, 'Standard Twin Room Only', 2, 0, 1, NULL, 0, 319834),
(163, 576, 'Standard Double Room Only', 2, 0, 1, NULL, 0, 319834),
(163, 577, 'Deluxe Double Room Only', 2, 0, 1, NULL, 0, 319834),
(164, 578, 'Standard Room', 2, 1, 0, NULL, 0, 528926),
(164, 579, 'Deluxe Double Room, 1 Queen Bed', 2, 1, 0, NULL, 0, 595041),
(164, 580, 'Family Room, Multiple Beds', 3, 1, 0, NULL, 0, 619835),
(164, 581, 'Family Room, 2 Queen Beds', 4, 0, 0, NULL, 0, 735537),
(164, 582, 'Family Room', 8, 1, 0, NULL, 0, 1305785),
(164, 583, 'Villa, 4 Bedrooms, Kitchen', 8, 0, 0, NULL, 0, 1570248),
(165, 584, 'Room 7', 2, 0, 0, NULL, 0, 194458),
(165, 585, 'Room 2', 2, 1, 0, NULL, 0, 291687),
(165, 586, 'Room 8', 2, 1, 0, NULL, 0, 315994),
(165, 587, 'Room 1', 2, 1, 0, NULL, 0, 315994),
(165, 588, 'Family Room', 6, 1, 0, NULL, 0, 583374),
(166, 589, '3 Bedroom', 6, 0, 0, NULL, 0, 298716),
(167, 590, 'Room 2 - Atas', 2, 1, 1, NULL, 0, 291687),
(167, 591, 'Room 1 - Bawah', 2, 1, 1, NULL, 0, 291687),
(168, 592, 'Standard Room (women only)', 2, 0, 0, NULL, 0, 90909),
(169, 593, 'Standard Double Room Only\n \n - Special Promo July ', 2, 0, 1, NULL, 0, 139409),
(169, 594, 'Standard Double Room Only\n \n - Special Promo July ', 2, 0, 1, NULL, 0, 169825),
(169, 595, 'Standard Double Room Only', 2, 0, 1, NULL, 0, 253471),
(170, 596, 'Inez 3', 4, 0, 1, NULL, 0, 661157),
(171, 597, 'STANDART', 2, 0, 1, 8, 0, 516529),
(172, 598, 'Junior Cottage, Pool View\n \n - Pesan lebih awal da', 2, 1, 0, NULL, 0, 818182),
(172, 599, 'Executive Cottage, Pool View, Garden Area\n \n - Pes', 4, 1, 0, NULL, 0, 1115702),
(173, 600, 'Standard Room Only', 2, 0, 0, NULL, 0, 165289),
(174, 601, 'Superior Double Room Only\n \n - Special Promo July ', 2, 0, 1, NULL, 0, 264123),
(175, 602, 'Standard Room', 2, 0, 1, NULL, 0, 107438),
(176, 603, 'Superior Double Room Only\n \n - Special Promo July ', 2, 0, 1, NULL, 0, 144535),
(176, 604, 'Superior Double Room Only', 2, 0, 1, NULL, 0, 200743),
(176, 605, 'Superior Double Room with Breakfast\n \n - Special P', 2, 1, 1, NULL, 0, 164409),
(176, 606, 'Superior Double Room with Breakfast', 2, 1, 1, NULL, 0, 228347),
(177, 607, 'Deluxe Room', 2, 1, 0, NULL, 0, 289256),
(177, 608, 'Family Room', 4, 1, 0, NULL, 0, 524793),
(178, 609, 'Two bedroom', 4, 0, 0, NULL, 0, 322314),
(179, 610, 'Standard Double Room', 2, 0, 0, NULL, 0, 210867),
(179, 611, 'Deluxe Double Room', 2, 0, 0, NULL, 0, 257727),
(179, 612, 'Suite Triple', 3, 0, 0, NULL, 0, 474452),
(180, 613, 'Standard Room', 2, 1, 1, 10.5, 0, 256198),
(180, 614, 'Deluxe Room', 2, 1, 1, 18, 0, 285124),
(180, 615, 'Yunior Family 2', 2, 1, 1, 27.5, 0, 367769),
(180, 616, 'Family Room', 4, 1, 1, 49, 0, 549587),
(181, 617, 'Standard Double Room Only\n \n - Special Promo July ', 2, 0, 1, NULL, 0, 164409),
(181, 618, 'Standard Double Room Only', 2, 0, 1, NULL, 0, 228347),
(182, 619, 'Standard Double Room Only', 2, 0, 1, NULL, 0, 200743),
(183, 620, 'Standard Twin Room', 2, 0, 1, 20.1, 0, 328016),
(184, 621, 'Superior Room', 2, 0, 0, NULL, 0, 264463),
(184, 622, 'Superior room (breakfast)', 2, 1, 0, NULL, 0, 322314),
(184, 623, 'Suite', 2, 1, 0, NULL, 0, 371901),
(184, 624, 'Family Room', 3, 1, 0, NULL, 0, 475207),
(185, 625, 'Standard Room', 2, 0, 0, NULL, 0, 123967),
(186, 626, 'Standard Double Room', 2, 0, 1, NULL, 0, 159322),
(186, 627, 'Deluxe Twin Room', 2, 0, 1, NULL, 0, 215553),
(186, 628, 'Suite Triple', 3, 0, 1, NULL, 0, 351446),
(187, 629, '7 Bedrooms', 10, 0, 0, NULL, 0, 5681818),
(188, 630, 'Standard Room\n \n - Regular Plan', 2, 1, 0, NULL, 0, 123967),
(188, 631, 'Deluxe Room, Ensuite\n \n - Regular Plan', 2, 1, 0, NULL, 0, 173554),
(189, 632, 'Exclusive Double Room, 1 Double Bed, Private Bathr', 2, 1, 0, NULL, 0, 314050),
(189, 633, 'Business Double Room, 1 Queen Bed, Private Bathroo', 2, 1, 0, NULL, 0, 314050),
(190, 634, 'Deluxe A', 2, 1, 0, NULL, 0, 291687),
(191, 635, '4 Bedroom', 12, 0, 0, 140, 0, 661157),
(192, 636, '2 Bedrooom', 4, 0, 0, NULL, 0, 778512),
(193, 637, 'Standard FAN', 2, 1, 1, 10, 0, 229460),
(193, 638, 'Standard AC', 2, 1, 1, NULL, 0, 255907),
(194, 639, 'Villa', 2, 0, 0, NULL, 0, 495868),
(195, 640, 'Standard Room Only', 2, 0, 1, NULL, 0, 206612),
(195, 641, 'Homestay', 2, 0, 1, NULL, 0, 547107),
(196, 642, 'Standard Queen Room Only\n \n - Best Deal July', 2, 0, 1, NULL, 0, 399738),
(196, 643, 'Standard Queen Room Only', 2, 0, 1, NULL, 0, 470280),
(197, 644, 'Standard', 2, 1, 1, NULL, 0, 247934),
(198, 645, 'Superior Room', 2, 1, 1, NULL, 0, 371901),
(198, 646, 'Family Room', 3, 1, 1, NULL, 0, 461892),
(199, 647, 'Suite', 2, 1, 1, NULL, 0, 313967),
(199, 648, 'Family', 2, 1, 1, NULL, 0, 533058),
(200, 649, 'Standard Room Only', 2, 0, 1, NULL, 0, 206612),
(201, 650, 'Standard Twin Room\n \n - Regular Plan', 2, 0, 0, NULL, 0, 218764),
(202, 651, 'Standard Room\n \n - Regular Plan', 2, 0, 0, NULL, 0, 123967),
(203, 652, 'Semeru Twin Room\n \n - Regular Plan', 2, 1, 0, NULL, 0, 165289),
(204, 653, 'Standrad Room', 2, 1, 0, NULL, 0, 247934),
(205, 654, 'Villa 3 Bedroom', 6, 0, 0, 117, 0, 702479),
(206, 655, '3 Bedrooms', 6, 0, 0, NULL, 0, 2066116),
(207, 656, '4 Bedroom', 4, 0, 1, NULL, 0, 1157025),
(208, 657, 'Standard Room Only', 2, 0, 1, 9, 0, 413223),
(209, 658, 'Whole Villa', 8, 0, 0, 91, 0, 487603),
(210, 659, 'Standard Room Only', 3, 0, 0, NULL, 0, 413223),
(211, 660, '3 Bedrooms - Amanah Atas', 6, 0, 0, NULL, 0, 536364),
(212, 661, 'Standart Room (Share Bathroom)', 2, 0, 1, NULL, 0, 495868),
(213, 662, 'Standard Room', 2, 0, 0, NULL, 0, 90909),
(214, 663, 'Familiesuit', 8, 0, 0, NULL, 0, 785124),
(215, 664, 'Standard Room Breakfast', 3, 1, 0, NULL, 0, 123967),
(215, 665, 'Ruang Aula', 2, 0, 0, NULL, 0, 247934),
(216, 666, '3 Bedroom', 6, 0, 0, NULL, 0, 776860),
(217, 667, 'Three Bedroom', 6, 0, 0, NULL, 0, 777851),
(218, 668, '2 Bedroom', 4, 0, 0, NULL, 0, 535537),
(219, 669, 'Three Bedroom', 6, 0, 1, NULL, 0, 729752),
(220, 670, '2 Bedroom Villa', 4, 0, 0, NULL, 0, 729752),
(221, 671, '2 Bedroom', 4, 0, 0, NULL, 0, 535537),
(222, 672, '2 Bedroom', 4, 0, 0, NULL, 0, 583471),
(223, 673, '3 Bedroom', 6, 0, 0, NULL, 0, 632231),
(224, 674, 'Villa', 2, 0, 0, NULL, 0, 578512),
(225, 675, '3 Bedrooms', 6, 0, 0, 12, 0, 619835),
(226, 676, '2 Bedroom Villa', 4, 0, 1, 12, 0, 619835),
(227, 677, 'Villa 2 Bedroom', 2, 0, 0, NULL, 0, 495868),
(228, 678, '5 Bedroom Villa', 10, 0, 0, NULL, 0, 785124),
(229, 679, '3 Bedrooms', 6, 0, 0, 100, 0, 661157),
(230, 680, 'King Bedroom', 2, 0, 0, NULL, 0, 495868),
(231, 681, 'Standard Room', 6, 0, 0, 100, 0, 1074380),
(232, 682, 'Queen', 2, 0, 0, 6, 0, 495868),
(233, 683, 'Standard Room', 4, 0, 0, 100, 0, 1074380),
(234, 684, 'Standard Room', 2, 0, 1, 12, 0, 247934),
(235, 685, 'Villa 5 Bedroom', 10, 0, 1, NULL, 0, 1115702),
(236, 686, 'Villa 7 Bedroom', 14, 0, 0, NULL, 0, 1446281),
(237, 687, 'Four Bedrooms', 8, 0, 0, NULL, 0, 702479),
(238, 688, 'Four Bedroom', 10, 0, 0, NULL, 0, 826446),
(239, 689, 'Villa', 2, 0, 0, NULL, 0, 578512),
(240, 690, 'Villa', 2, 0, 0, NULL, 0, 578512),
(241, 691, 'Standard Room', 15, 0, 0, 100, 0, 1301653),
(242, 692, 'Standard Room', 2, 0, 0, NULL, 0, 195737),
(243, 693, 'Deluxe Room', 2, 0, 0, NULL, 0, 194215),
(244, 694, '3 Bedroom', 2, 0, 0, NULL, 0, 434972),
(245, 695, 'Villa 4 Bedroom', 10, 0, 0, 30, 0, 1214876),
(246, 696, '3 Bedroom', 6, 0, 1, NULL, 0, 495868),
(247, 697, 'Villa', 6, 0, 0, NULL, 0, 486145),
(248, 698, '6 Bedroom', 12, 0, 0, NULL, 0, 3305785),
(249, 699, 'Griya Abee - 2 Bedroom\n \n - JUL10', 4, 0, 0, 80, 0, 260331),
(249, 700, 'Griya Abee - 2 Bedroom', 4, 0, 0, 80, 0, 289256),
(250, 701, '3 Bedrooms', 2, 0, 0, NULL, 0, 412190),
(251, 702, 'Standard Room Only', 2, 0, 0, NULL, 0, 619835),
(252, 703, 'Standard Double Room Only\n \n - Special Promo July ', 2, 0, 1, 15, 0, 128647),
(252, 704, 'Standard Double Room Only', 2, 0, 1, 15, 0, 178677),
(253, 705, '2 Bedroom', 4, 0, 0, NULL, 0, 404959),
(254, 706, 'Standard Room', 3, 0, 1, 24, 0, 2066116),
(255, 707, 'Twins 1', 2, 0, 1, NULL, 0, 247934),
(256, 708, 'Villa 2 Bedrooms', 4, 0, 1, NULL, 0, 371901),
(257, 709, 'Deluxe Room', 4, 0, 1, NULL, 0, 495868),
(258, 710, 'Standard Twin Room', 2, 0, 1, 11, 0, 180427),
(258, 711, 'Standard Double Room', 2, 0, 1, 11, 0, 180427),
(258, 712, 'Triple Suite', 3, 0, 1, 18, 0, 428311),
(259, 713, 'Suite Triple', 3, 0, 1, 24, 0, 507454),
(260, 714, 'Standard Double Room', 2, 0, 1, NULL, 0, 187437),
(260, 715, 'Standard Twin Room', 2, 0, 1, NULL, 0, 187437),
(260, 716, 'Deluxe Double Room', 2, 0, 1, NULL, 0, 234296),
(261, 717, 'Standard Double Room', 2, 0, 1, 17, 0, 281918),
(261, 718, 'Standard Twin Room', 2, 0, 1, 17, 0, 281918),
(262, 719, 'Standard Double Room', 2, 0, 1, 9, 0, 168693),
(263, 720, 'Premiere Double with Breakfast\n \n - Special Promo ', 2, 1, 1, NULL, 0, 313958),
(263, 721, 'Premiere Double with Breakfast', 2, 1, 1, NULL, 0, 468595),
(264, 722, 'Villa 2 Bedroom\n \n - Basic promo 20%', 4, 0, 0, NULL, 0, 330579),
(264, 723, 'Villa 2 Bedroom', 4, 0, 0, NULL, 0, 413223),
(265, 724, 'Villa 2 Bedroom\n \n - Basic promo 20%', 4, 0, 0, 9, 0, 330579),
(265, 725, 'Villa 2 Bedroom', 4, 0, 0, 9, 0, 413223),
(266, 726, 'Deluxe Double', 2, 0, 0, NULL, 0, 257727),
(266, 727, 'Deluxe Twin', 2, 0, 0, NULL, 0, 257727),
(267, 728, 'Villa, 3 Bedrooms', 6, 0, 0, NULL, 0, 8264463),
(268, 729, 'Standard Room Only', 5, 0, 0, NULL, 0, 413223),
(269, 730, 'Villa Keluarga Ohana', 15, 0, 0, 100, 0, 1239669),
(270, 731, 'Villa 3 Bedrooms', 8, 0, 1, NULL, 0, 661157),
(271, 732, 'Villa Gunawan 1', 4, 0, 1, 36, 0, 372635),
(271, 733, 'Villa Gunawan 2', 6, 0, 1, 45, 0, 785858),
(271, 734, 'Villa Gunawan 3', 14, 0, 1, 72, 0, 2139669),
(272, 735, 'Superior Twin Room', 2, 0, 0, NULL, 0, 410331),
(272, 736, 'Superior Double Room', 2, 0, 0, NULL, 0, 410331),
(273, 737, 'Deluxe Twin Room, 2 Bedrooms', 2, 0, 0, NULL, 0, 330579),
(273, 738, 'Deluxe Double Room, 1 Bedroom', 2, 0, 0, NULL, 0, 351240),
(274, 739, 'Standard Twin Room\n \n - Regular Plan', 2, 0, 0, NULL, 0, 289256),
(274, 740, 'Standard Twin Room\n \n - Regular Plan', 2, 1, 0, NULL, 0, 386364),
(274, 741, 'Superior Twin Room\n \n - Regular Plan', 2, 1, 0, NULL, 0, 456612),
(274, 742, 'Deluxe Triple Room\n \n - Regular Plan', 2, 1, 0, NULL, 0, 597107),
(275, 743, 'Villa 3 Bedroom Swimming Pool', 12, 1, 1, 150, 0, 1528926),
(276, 744, 'Villa 2 Bedroom', 3, 0, 0, NULL, 0, 1157025),
(277, 745, '1 Bedroom Villa\n \n - HOT DEAL !', 2, 1, 1, 60, 0, 966942),
(277, 746, '1 Bedroom Villa', 2, 1, 1, 60, 0, 2148760),
(277, 747, '3 Bedroom Superior Room Only\n \n - HOT DEAL !', 6, 0, 1, NULL, 0, 1487603),
(277, 748, '3 Bedroom Superior Room Only', 6, 0, 1, NULL, 0, 3305785),
(277, 749, '3 Bedroom Deluxe Room Only\n \n - HOT DEAL !', 6, 0, 1, 208, 0, 1580578),
(277, 750, '3 Bedroom Deluxe Room Only', 6, 0, 1, 208, 0, 3512396),
(277, 751, '3 Bedroom Superior\n \n - HOT DEAL !', 6, 1, 1, 208, 0, 1859504),
(277, 752, '3 Bedroom Superior', 6, 1, 1, 208, 0, 4132231),
(277, 753, '4 Bedroom Deluxe Room Only\n \n - HOT DEAL !', 8, 0, 1, 208, 0, 1952479),
(277, 754, '4 Bedroom Deluxe Room Only', 8, 0, 1, 208, 0, 4338842),
(277, 755, '3 Bedroom Deluxe \n \n - HOT DEAL !', 6, 1, 1, 208, 0, 1952479),
(277, 756, '3 Bedroom Deluxe', 6, 1, 1, 208, 0, 4338842),
(277, 757, '4 Bedroom Deluxe\n \n - HOT DEAL !', 8, 1, 1, NULL, 0, 2398760),
(277, 758, '4 Bedroom Deluxe', 8, 1, 1, NULL, 0, 5330578),
(277, 759, '4 Bedroom Premier\n \n - HOT DEAL !', 8, 1, 1, 208, 0, 2603305),
(277, 760, '4 Bedroom Premier', 8, 1, 1, 208, 0, 5785123),
(278, 761, 'RedDoorz Room\n \n - Basic Deal', 2, 0, 0, NULL, 0, 122479),
(278, 762, 'RedDoorz Room\n \n - Last Minute', 2, 0, 0, NULL, 0, 122479),
(278, 763, 'RedDoorz Room', 2, 0, 0, NULL, 0, 128925),
(279, 764, 'Double Room', 2, 0, 1, NULL, 0, 140495),
(280, 765, 'RedDoorz Superior Double or Twin\n \n - Basic Deal', 2, 0, 1, NULL, 0, 192355),
(281, 766, 'RedDoorz Room\n \n - Basic Deal', 2, 0, 0, NULL, 0, 145247),
(281, 767, 'RedDoorz Room', 2, 0, 0, NULL, 0, 152892),
(282, 768, 'Double Room', 2, 0, 1, NULL, 0, 173553),
(283, 769, 'Standard Double Room Only', 2, 0, 1, 14, 0, 122882),
(283, 770, 'Standard Twin Room Only', 2, 0, 1, 14, 0, 123205),
(284, 771, 'Superior Room', 2, 1, 0, NULL, 0, 818182),
(284, 772, 'Kamar Deluxe', 2, 1, 1, NULL, 0, 950413),
(284, 773, 'Executive Room CITY VIEW', 2, 1, 1, NULL, 0, 1115702),
(284, 774, 'Executive Room VIEW ZOO', 2, 1, 1, NULL, 0, 1198347),
(285, 775, 'Deluxe Mexican Room', 2, 1, 1, 36, 0, 743802),
(285, 776, 'Deluxe Room', 2, 1, 1, 34, 0, 743802),
(285, 777, 'Executive Room', 2, 1, 1, 54, 0, 1157025),
(285, 778, 'European Suite', 2, 1, 1, 80, 0, 1570248),
(285, 779, 'Family Room', 4, 1, 1, 80, 0, 1735537),
(286, 780, 'Superior Twin', 2, 1, 1, NULL, 0, 727273),
(287, 781, 'Villa 4 Bedrooms', 10, 0, 0, NULL, 0, 826446),
(288, 782, 'Omah Standard', 2, 0, 1, NULL, 0, 334928);
INSERT INTO `kamar` (`idHotel`, `idKamar`, `namaKamar`, `kapasitas`, `sarapan`, `wifiGratis`, `ukuran`, `refundable`, `harga`) VALUES
(288, 783, 'Omah Triple', 3, 0, 1, NULL, 0, 478469),
(288, 784, 'Omah Superior', 2, 0, 1, NULL, 0, 478469),
(288, 785, 'Omah Family', 4, 0, 1, NULL, 0, 717703),
(289, 786, 'Family Room Only', 4, 0, 0, NULL, 0, 206612),
(290, 787, 'Couple Superior\n \n - Regular Plan', 2, 1, 0, NULL, 0, 367438),
(290, 788, 'Couple Deluxe', 2, 1, 0, NULL, 0, 396694),
(290, 789, 'Family Superior Lt.3\n \n - Regular Plan', 4, 1, 0, NULL, 0, 454545),
(290, 790, 'Family Superior Lt.1\n \n - Regular Plan', 2, 1, 0, NULL, 0, 495868),
(290, 791, 'Family Deluxe Lt.3', 2, 1, 0, NULL, 0, 495868),
(291, 792, 'Deluxe Double Room', 2, 0, 1, 32, 0, 175388),
(292, 793, 'Deluxe Double Room with Breakfast', 2, 1, 1, NULL, 0, 382981),
(292, 794, 'Deluxe Twin Room with Breakfast', 2, 1, 1, NULL, 0, 382981),
(293, 795, 'Standard Room Only', 2, 0, 0, 12, 0, 1247933);

--
-- Indexes for dumped tables
--

--
-- Indexes for table `fasilitas_hotel`
--
ALTER TABLE `fasilitas_hotel`
  ADD PRIMARY KEY (`idHotel`);

--
-- Indexes for table `fasilitas_internet`
--
ALTER TABLE `fasilitas_internet`
  ADD PRIMARY KEY (`idHotel`);

--
-- Indexes for table `fasilitas_kamar`
--
ALTER TABLE `fasilitas_kamar`
  ADD PRIMARY KEY (`idHotel`);

--
-- Indexes for table `fasilitas_olahraga`
--
ALTER TABLE `fasilitas_olahraga`
  ADD PRIMARY KEY (`idHotel`);

--
-- Indexes for table `hotel`
--
ALTER TABLE `hotel`
  ADD PRIMARY KEY (`idHotel`);

--
-- Indexes for table `kamar`
--
ALTER TABLE `kamar`
  ADD PRIMARY KEY (`idKamar`),
  ADD KEY `idHotel` (`idHotel`);

--
-- AUTO_INCREMENT for dumped tables
--

--
-- AUTO_INCREMENT for table `kamar`
--
ALTER TABLE `kamar`
  MODIFY `idKamar` int(4) UNSIGNED NOT NULL AUTO_INCREMENT, AUTO_INCREMENT=796;

--
-- Constraints for dumped tables
--

--
-- Constraints for table `fasilitas_hotel`
--
ALTER TABLE `fasilitas_hotel`
  ADD CONSTRAINT `fasilitas_hotel_ibfk_1` FOREIGN KEY (`idHotel`) REFERENCES `hotel` (`idHotel`) ON DELETE CASCADE ON UPDATE NO ACTION;

--
-- Constraints for table `fasilitas_internet`
--
ALTER TABLE `fasilitas_internet`
  ADD CONSTRAINT `fasilitas_internet_ibfk_1` FOREIGN KEY (`idHotel`) REFERENCES `hotel` (`idHotel`) ON DELETE CASCADE ON UPDATE NO ACTION;

--
-- Constraints for table `fasilitas_kamar`
--
ALTER TABLE `fasilitas_kamar`
  ADD CONSTRAINT `fasilitas_kamar_ibfk_1` FOREIGN KEY (`idHotel`) REFERENCES `hotel` (`idHotel`) ON DELETE CASCADE ON UPDATE NO ACTION;

--
-- Constraints for table `fasilitas_olahraga`
--
ALTER TABLE `fasilitas_olahraga`
  ADD CONSTRAINT `fasilitas_olahraga_ibfk_1` FOREIGN KEY (`idHotel`) REFERENCES `hotel` (`idHotel`) ON DELETE CASCADE ON UPDATE NO ACTION;

--
-- Constraints for table `kamar`
--
ALTER TABLE `kamar`
  ADD CONSTRAINT `kamar_ibfk_1` FOREIGN KEY (`idHotel`) REFERENCES `hotel` (`idHotel`) ON DELETE CASCADE ON UPDATE NO ACTION;
COMMIT;

/*!40101 SET CHARACTER_SET_CLIENT=@OLD_CHARACTER_SET_CLIENT */;
/*!40101 SET CHARACTER_SET_RESULTS=@OLD_CHARACTER_SET_RESULTS */;
/*!40101 SET COLLATION_CONNECTION=@OLD_COLLATION_CONNECTION */;
